rms,peak,crest_factor,energy_50hz,energy_120hz,label
0.7660544332619585,1.757444410941906,2.2941508261475376,1.3848094481731381,0.24588672544882276,0
0.7562866614399213,1.9621850964005243,2.5944991448938817,1.3969958853898965,0.23342922850966627,0
0.7668538096026108,2.024130811536998,2.63952631673815,1.3480469744448653,0.24550302735409943,0
0.7685551211297628,2.046291466156714,2.6625175083716845,1.4124317090815244,0.2323799401988905,0
0.7767475851497149,1.940500919912338,2.498238754792285,1.3856154080219694,0.20913147925775338,0
0.7621768179199654,1.895632879335834,2.4871300658410873,1.4169516217574842,0.2841657320917593,0
0.7705608800193366,1.8912853093568338,2.4544268446503192,1.3854818156427806,0.27630484340639044,0
0.7688559353927522,1.7283969009749307,2.248011391226393,1.3718730758438715,0.24286907844306582,0
0.7786600198025592,1.9965679720705385,2.564107468336178,1.429319037088673,0.23437851082120487,0
0.7683432282282507,1.8828479425815148,2.450529754681692,1.3681673059675676,0.24090902121906746,0
0.7776519333044469,1.8726131797041259,2.4080351369370376,1.3504702420210886,0.32670756894659514,0
0.7646213500668217,1.8833638735697091,2.4631327302136126,1.4177494195611453,0.27204811554695707,0
0.7665969684394939,1.7508407099461318,2.2839129060348253,1.3980026728138202,0.22705400444691545,0
0.7635888526121765,1.878286574297373,2.459814031951756,1.3561968708933003,0.27242091701919263,0
0.7589041062028709,1.8540526042910876,2.4430657169160983,1.3409881509768653,0.25561495270385937,0
0.7592018387549746,1.8260497696048348,2.405223059785259,1.337736842188275,0.24378005297534835,0
0.7603582832485973,1.9144642762116302,2.5178449664968015,1.3195347506451294,0.26198125421037477,0
0.7671732439654382,2.058226044902285,2.6828699528981614,1.3221178700497174,0.23077040473997262,0
0.7671780344186178,1.8187740132951515,2.3707326483525475,1.4269814050745981,0.250634651514124,0
0.772457543380811,1.942740646620193,2.5150128486251946,1.444340809662058,0.22816031255033262,0
0.763254565365224,2.067733346230734,2.7091005282638636,1.415072867631526,0.198260062904047,0
0.7627547956697006,1.7770976706241122,2.3298413601763275,1.383250671890244,0.26739580068588625,0
0.7735370462651764,1.8329977602628316,2.3696315116554367,1.350118300967521,0.21827809084504426,0
0.7692092004224466,1.740388046533349,2.2625679016547577,1.3489875613172002,0.2278085984240133,0
0.7756952326253863,1.8970287973645,2.4455852215874705,1.4244441094197777,0.21907094042715552,0
0.7716423088349122,1.9421590549166838,2.5169162352555707,1.360457992851112,0.22103215271303311,0
0.7637784909470368,1.9336583838792536,2.5317004953643565,1.3986173504333943,0.2509228600405944,0
0.7712158130238936,1.9786054615221413,2.5655665095404894,1.4349122527447693,0.26966398374485206,0
0.7672403845496707,1.9317635578314647,2.5178074521785074,1.3836085476070286,0.27269961309838503,0
0.7625889758850566,2.0648218690394016,2.7076471524427435,1.3924302769315036,0.22107186380416366,0
0.7815233565183329,1.9901896684169578,2.546551746429183,1.4477396013471517,0.282004659954694,0
0.7644973841033588,1.9026339798044347,2.4887383781383896,1.3943456273835526,0.258184828057115,0
0.761144133906334,1.8631504544894484,2.447828698261671,1.4009955420706661,0.2162399180812727,0
0.7683157185152425,2.16727787590927,2.820816786226239,1.3620997728255424,0.2854221382855875,0
0.7733675315751506,1.7142945487966248,2.216662167475596,1.3509295882032024,0.24583658680220746,0
0.768951139702858,1.8016997468228948,2.343061416774955,1.3921150238753848,0.24317551449710106,0
0.7705632572880382,1.9522010136588763,2.53347274892078,1.360209032136454,0.2886853403146842,0
0.7709751163063601,1.9160737429680363,2.485260162672555,1.4062819670020623,0.2838088101142006,0
0.76764880498444,1.8860165337996064,2.4568741871979274,1.3905742611415266,0.22022687092642493,0
0.7636941889416201,1.7695311163385776,2.317067671800561,1.348739631086296,0.21459023840058306,0
0.775230987455042,1.9094784491029297,2.463109034600692,1.3858188631602755,0.22571847617631186,0
0.773771866903059,1.8339322901387671,2.370120145979059,1.453652295846143,0.23728086753993777,0
0.7662678273227218,2.030231610666374,2.6495065279718713,1.3857179940844,0.28081068157204836,0
0.7670588093006843,1.9988357092658156,2.6058441478406635,1.3504010971491984,0.26962787026674573,0
0.7738473768228484,1.8759861342329187,2.424232723944964,1.3656367479978901,0.20299039023391652,0
0.7696190034006692,2.0647085175168747,2.6827670683723652,1.3347258654439433,0.20932836500414576,0
0.7692302373861531,1.9462679380179309,2.5301500687640095,1.3846065488221848,0.2557106666911265,0
0.7668394655997033,2.052993311309234,2.677213945559909,1.379546149113933,0.23342986187838088,0
0.7673425180828731,1.7189406283369726,2.2401217029281395,1.3490504989116685,0.2549291004029818,0
0.7606703642159564,1.893058558266669,2.4886713710976447,1.3647736888299802,0.31438528180774755,0
0.7678019599685959,1.7492878323521652,2.2783060262358714,1.3762851356465429,0.2074697121637077,0
0.762356192792519,2.0342348335184535,2.6683522121949705,1.3068666046302218,0.23496627617040658,0
0.7738512177137022,1.9768282643255852,2.5545327306791705,1.3818516180864822,0.22750127124407477,0
0.7791558100410103,1.8583115009863942,2.385031950013417,1.4161922260160307,0.23945617599790217,0
0.7615249098073326,1.8031035885442206,2.3677539175972715,1.3877375709676045,0.23020589993575838,0
0.7673081365078965,1.9646592456683556,2.5604566825131494,1.3594829226794465,0.2473221569418924,0
0.7639747089050019,1.841069247195266,2.409856276307961,1.3629080810927308,0.26128047201730037,0
0.7660238223473232,1.7604185462113162,2.2981250645924742,1.369787431191271,0.24149371595957328,0
0.7603156145161246,1.7841364031576683,2.34657340858785,1.4092283895157307,0.26067805350985296,0
0.7573541035088078,1.8736797455847585,2.473981109898308,1.3222954560447242,0.2467711279570908,0
0.7738183726852397,1.8618472766834149,2.4060520432237715,1.405900749782006,0.2523279692379153,0
0.7696089893167074,1.8226125246540756,2.368231855337697,1.402257345052345,0.2788329188472273,0
0.7733787434175542,1.78104405162122,2.3029389762521806,1.3458141960578982,0.28629657707663875,0
0.7647118862640848,1.8711032474552458,2.446808113048057,1.4191680226543069,0.20625502278491264,0
0.7607213470191208,1.753600922541861,2.305181692893632,1.3942715318607362,0.26438486804011685,0
0.7625791073891718,1.9040464976713456,2.49685111907956,1.4138204777128622,0.22468278265003885,0
0.7738215553095423,1.767051467784274,2.283538699148051,1.3824813843153136,0.26730278031462995,0
0.7799234808227642,1.8643295456979059,2.39040058613336,1.350060467160473,0.21915812809507995,0
0.7582321022450775,1.738176591804204,2.292407017135746,1.3875537275334469,0.22266214697865008,0
0.7627481502417472,1.8159550603447685,2.380805590638555,1.361324411418808,0.2316699047989064,0
0.765071960701805,1.8263466867391842,2.38715673890841,1.372013945497332,0.20517338467399043,0
0.7810937340126485,1.9286178833979628,2.4691247662303386,1.4174334761616996,0.2551884011285968,0
0.7703914467559952,1.7857665149382038,2.3179988854468765,1.3234818654074116,0.2669044872244093,0
0.7519186745345925,1.781195465348546,2.3688671736355458,1.29719338426049,0.2350977318449716,0
0.7640460676566362,1.8080757778398175,2.3664486401785534,1.316092592139398,0.2357955641951093,0
0.7656856924350303,1.853078237328989,2.42015523554559,1.3914324554450037,0.2124498510897049,0
0.7713707041015677,1.8567278411236525,2.4070499842047073,1.3435271564563858,0.2209496845251962,0
0.762702968125939,1.765630997225541,2.314965420370564,1.3440921822777532,0.21336075661805654,0
0.7703664811148877,1.8705239537264884,2.4280962367669914,1.3945262796471622,0.23123792307094762,0
0.762770180927428,1.874187255836997,2.4570798684844135,1.4274913484671328,0.22378933546509108,0
0.7634986114560264,1.7367181010387438,2.274684033448003,1.3357496345352358,0.20462139574732338,0
0.7884048853324043,1.992968403415482,2.5278488762474045,1.4108423749521168,0.26973439028172697,0
0.7619425868520411,1.7874799244504207,2.3459509355362034,1.3431267927775012,0.2703046984680115,0
0.7713797565300042,1.8868644345521162,2.446090163216155,1.3973431501302378,0.20799779823224337,0
0.759128712762918,1.7500706265999153,2.30536745241841,1.3584682492021491,0.20708718780286786,0
0.7745103560910253,1.8416037257841378,2.377765140648037,1.3950772367873958,0.28294141398719835,0
0.7697684785031751,2.0052031628328235,2.604943198936864,1.3694901419033496,0.25791313244450537,0
0.7617701147410526,2.046830920172926,2.6869404306687747,1.3541445905445355,0.25181174447556903,0
0.7641893615423946,1.841174106741061,2.409316590098747,1.4134937368680567,0.23681353823597087,0
0.7617751481464268,1.8364795114053234,2.410789477543207,1.3508501245920645,0.22941652671100687,0
0.774210770869846,2.082094236420975,2.689311896399591,1.3579231860727925,0.29196341434932394,0
0.7576622426226446,1.9112525028736966,2.5225653270749038,1.3669660567194084,0.3232325620447748,0
0.7781974964891136,1.7694541414532008,2.2737854457720608,1.3841908542676407,0.27268847400066903,0
0.7606239937579543,1.916043914267675,2.519042167998448,1.3972589873059498,0.21152999743169723,0
0.7577864290181475,1.8749199005314408,2.474206225836937,1.428115483527802,0.30849398274210804,0
0.7888466440760663,1.9425132344246905,2.462472584515907,1.4056478648417652,0.2553754179466617,0
0.7646144126095454,1.972805878305251,2.580131692224163,1.4169298830187798,0.251235530201073,0
0.7804408355183942,1.8840797989877416,2.4141225231202497,1.3878248880977586,0.2275937241518108,0
0.764785734515347,2.1321212774328466,2.787867478704993,1.3640570207925458,0.23549077971411816,0
0.767258600942258,1.774549310496054,2.3128438160442366,1.410774672565047,0.20701230475575083,0
0.7776435160317515,1.9516880218066706,2.5097464089535113,1.435119580801837,0.22501570846373725,0
0.7634924454300227,1.9217886447962487,2.5171023712144756,1.4058756384379991,0.27056307909790345,0
0.7742368328617607,1.7681951300306342,2.2837910248921776,1.491747630662969,0.2794611086292957,0
0.7729716826514997,2.0015761879763296,2.589456034288847,1.396956726423756,0.21033308212197718,0
0.7716010646652252,1.9518659129427673,2.529630922411472,1.3332136431615815,0.1877090115761549,0
0.769300823260808,1.9833979736538405,2.578182570047023,1.4032126084931642,0.25898177396305355,0
0.7621550463745477,2.0583715744449314,2.7007255075411267,1.3740050335293716,0.2132665502028362,0
0.7669294908430745,1.9897878559403277,2.594486037762067,1.405751495010198,0.24970639005936876,0
0.7644912545430387,1.9166960358401655,2.507152337518677,1.3945171469391584,0.31518800599865127,0
0.7567755049936795,1.9260688137400186,2.545099307562954,1.371050978189456,0.284385140810059,0
0.7665508252839183,2.0369834714010358,2.6573364794781473,1.3748812022897983,0.23120465711670055,0
0.7602258392503335,1.891243541112214,2.487739094710578,1.3811805476805397,0.2491479330720202,0
0.774514216043694,1.9245152973668473,2.4848030642968553,1.3641937106574236,0.18855094269390602,0
0.7633896823165522,1.7822792908101561,2.3346913537025045,1.4386644563085387,0.28806012253066654,0
0.7635497938973986,1.8088497348784063,2.3690003577179524,1.4008923729824727,0.20809192522745146,0
0.7793633677210008,2.0135694899562244,2.583608074683142,1.3934183346351872,0.2469651412984471,0
0.7723931455620849,1.9061355009966618,2.467830679167319,1.3569961983119923,0.25468241341734893,0
0.7730757907539691,1.8985234120848247,2.4558050255761126,1.3854425917029352,0.22860084728502497,0
0.7648729758453887,2.045992019357308,2.6749435317621737,1.3595830943169323,0.2575596859016238,0
0.7581472095106259,1.8775710181427554,2.476525659646895,1.3005764673918714,0.24347922900202437,0
0.768116290355139,1.9643397927911226,2.5573468724155153,1.3708567914304557,0.19672382526814533,0
0.7596065088573368,1.8870648740820446,2.4842663301038908,1.417858084184199,0.25361909261345195,0
0.7702911670418332,1.9391212662879405,2.5173873844805885,1.4047932315404257,0.3193613680031407,0
0.7672340055360474,1.8822760333233062,2.453327172337997,1.4115198216858138,0.21545386860090154,0
0.7697850780045596,2.1403002084965075,2.78038672046567,1.3893338748549002,0.27314880651784357,0
0.7678879421043038,1.798853251635883,2.3425986436332673,1.360117581470627,0.25716069708433914,0
0.7802012671195382,1.8868003987816724,2.4183508516304255,1.4181158100342832,0.237317476520515,0
0.7734555040514894,2.0046578224758913,2.5918204886708516,1.368569980362239,0.26168571226526716,0
0.7688051988255541,2.0349742323559346,2.646930894151876,1.44788277178406,0.2644163804276065,0
0.7674677861552528,2.0277408003865425,2.6421184536549998,1.3338135161104585,0.2814350238772125,0
0.7765417120819094,2.0033186018992444,2.579795226361176,1.4133679381037683,0.2695335005207777,0
0.7639344187923702,1.8883602995725581,2.4718879698569984,1.4112850156436516,0.2862350361532449,0
0.7654183843338961,2.2107866222936066,2.8883374995200035,1.3928611638388408,0.2425863912101873,0
0.7660051848768626,1.800801720665492,2.3509001717200855,1.3551382974260362,0.25766209744555413,0
0.7726584408809686,1.9935440148410164,2.5801103170089235,1.4704402920587505,0.23034698732304656,0
0.776458132299063,1.8361043662379775,2.3647177997883055,1.3631035981258957,0.21982879738251196,0
0.7675313091255171,1.7841873303121305,2.3245792179408746,1.3145385046667275,0.22564666227819957,0
0.7654598132069629,1.9280952997274576,2.518872011908148,1.412506030033577,0.25109070023646246,0
0.7652895557504891,1.8308596684919762,2.3923750882716868,1.398866774854296,0.25278086959570656,0
0.7669325015337871,1.9796952183780883,2.581316105940091,1.3377362347442885,0.2577696732130526,0
0.7613996317872118,1.7356099867131431,2.2794993775334444,1.317697578994111,0.21557664381508912,0
0.7640006854259638,1.929481114339735,2.525496574998444,1.3534917652536318,0.2689846081633785,0
0.7615321949907516,1.8002271157398244,2.3639540489311646,1.3656695380703652,0.23866058881350324,0
0.7634151043148868,1.87058932256321,2.4502912137714867,1.3558093197142862,0.21693387702551542,0
0.7547410950925507,1.935417802518666,2.5643466549033396,1.365612323149862,0.269252402391657,0
0.790616351741939,2.0358650416467157,2.575035334345364,1.3758956199312438,0.23655227649831928,0
0.7693311662377625,2.128162673651201,2.7662504355029474,1.347177031198456,0.22345455100034914,0
0.7623028177062342,1.8391729936354766,2.4126540672767547,1.322486555861558,0.2187851944828898,0
0.7751663670203682,1.9214218686544013,2.478721923965922,1.3878987680674797,0.2998609661688353,0
0.7567497307201457,1.7335230205054954,2.290748116759583,1.3882836077025058,0.27549403907812947,0
0.7686489202937687,1.7815265096714445,2.317737607685139,1.3805632997981574,0.21110787488823857,0
0.7689447125826931,1.935526213396146,2.5171201280456135,1.394290953529216,0.22838766857965953,0
0.7638256757896577,1.9387201884222502,2.5381710118843075,1.413655359309785,0.2650289143493337,0
0.7658820825054324,1.9648793089788446,2.5655115243734765,1.3491119897193773,0.26415245787971897,0
0.7693689826665029,1.8914764560102795,2.4584776597761215,1.4079853628007784,0.24532061144720602,0
0.7663705923890161,1.9142255083718822,2.497780482944478,1.38639600641579,0.2597928149026773,0
0.7722627015717322,1.991669169185156,2.5790047416917212,1.3946175473550608,0.2902014241011093,0
0.7557648016539308,1.8816552564882985,2.4897365587421465,1.3566074524340435,0.2824995244798538,0
0.7668509665396388,1.8231584849757922,2.3774612858645363,1.34456432404482,0.2658607960673788,0
0.7744888823074575,1.9385783018760714,2.5030421303149093,1.383162990699188,0.24825567775059326,0
0.772655511722565,1.8003538604480454,2.330086090286628,1.5249587910743863,0.2219099913306459,0
0.7600088482522459,1.7283659538717062,2.2741392522552104,1.3790667882589085,0.20976266606941302,0
0.7584841045010507,1.9665654342254917,2.592757610285249,1.3849707532282887,0.22390706840027008,0
0.7748168691051968,1.8017107537644503,2.3253375418183264,1.3869685802099303,0.2665670467458036,0
0.7636185660862543,2.021122812838004,2.6467701318431653,1.4068806273154562,0.27076468351144856,0
0.765663182887743,1.875737043785203,2.4498200850023273,1.3543031968256707,0.26570164639580734,0
0.7707446810770799,1.8097000637734113,2.3479890399560586,1.3533873897563282,0.3245585749075271,0
0.7799157427674767,1.984173220053286,2.544086638144507,1.3334941441364963,0.24226195752891289,0
0.7751007311443935,2.095512400810929,2.7035355749400733,1.3616710637152711,0.18919534558380902,0
0.7638501333752101,1.783657644233429,2.3350884765209305,1.3760351249096898,0.2185124207986551,0
0.7625791333429272,1.8704713791014052,2.452822661042137,1.298479979069616,0.31188493034799325,0
0.7655908841746631,1.7969382085643697,2.3471259202642405,1.3660659316528894,0.2392483748120399,0
0.7615888123128859,1.8223758798645573,2.392860622952356,1.3482078374964548,0.2609502101562161,0
0.7558766659338308,1.708728540765698,2.2605917311320725,1.3825812238435453,0.2569008732581145,0
0.7694036250242,1.780493873342552,2.314122023127393,1.3513836929322245,0.25991112812823897,0
0.7614378006173455,1.9779819715044775,2.597693429326471,1.3739471039308806,0.22322529356739587,0
0.7519093581004771,1.9306646605070212,2.567682712959436,1.3951634740846173,0.285243389712521,0
0.7675396178731297,1.8157948286785477,2.3657343365677432,1.407811131972587,0.2366059507517465,0
0.7693832565602322,1.8429054931965667,2.3953023119268937,1.4068992060666612,0.2631826674018532,0
0.7649655728740756,1.7919646613310558,2.342542886732027,1.3549824648594864,0.25311859182348445,0
0.7717406470544933,2.0494910432489886,2.655673315991962,1.4172977971317315,0.2168325573700343,0
0.7643024215516512,1.823986438408789,2.3864721437174263,1.4041627644423467,0.25815530001442233,0
0.7598883538068908,1.9528869621790095,2.5699656434993785,1.3626775574641157,0.2653170548948166,0
0.7693266336199436,1.9458448427867026,2.5292830869910747,1.3875059732461665,0.2433607523499345,0
0.7672749665224055,1.9199525714592727,2.5023005509501495,1.3734284555219132,0.2526362025833211,0
0.7692655017262882,1.791425425480342,2.32874790493042,1.3601731921021685,0.2135079758815116,0
0.782441994834134,1.8686160192645476,2.388184723725963,1.434187393935507,0.2149980203778502,0
0.7619258161992026,1.8394320874555061,2.4141879016927725,1.4120910773694153,0.26055015450556285,0
0.7702093535756045,1.895879736589091,2.461512221044443,1.3596690230605182,0.21924962542464432,0
0.7737297462596479,1.8994373662764001,2.4549106137622734,1.3676532071712888,0.21619708723732617,0
0.7664579567068469,1.758338104841084,2.29410901074853,1.360733081376451,0.2502528261607257,0
0.7672212924867918,1.8820979412200733,2.4531356984627415,1.3393991563348822,0.24387048278824375,0
0.7665163373802253,1.91173474273057,2.4940560944394674,1.3856922981571889,0.2383464927697894,0
0.7631374424998857,1.9476530315207343,2.5521654725007497,1.3472965456461732,0.2886318455365487,0
0.7700381448469249,1.9748981501250338,2.5646757415083923,1.4203714848264735,0.2434329980387772,0
0.7690288946568927,1.7551914001923707,2.2823477926345808,1.4004899167655862,0.25562859470861876,0
0.7678832629670753,1.9540702601643063,2.5447491232115724,1.354983243456534,0.20261106102878956,0
0.7827348309806725,2.057549245903092,2.6286670331576154,1.459950419250178,0.2641585759030525,0
0.771864569075356,1.9902256010933712,2.5784647732665498,1.3698049987957772,0.2702897795779028,0
0.7797918976358098,1.8133301594247844,2.3254026682278677,1.3780708462795654,0.2550273381700544,0
0.767919309646515,1.877958660190197,2.445515611600716,1.410653011446323,0.2760758379349741,0
0.7775544787268251,1.892414254662277,2.433802783518055,1.408283951407963,0.26542892854394196,0
0.7639665094413919,1.8646308253400161,2.4407232546141637,1.361051029767069,0.26271071120306777,0
0.7664164996818813,1.8673067849142622,2.4364125585622576,1.3759610967562028,0.2513111066774801,0
0.7641448456034969,1.7679361131918419,2.3136138696264883,1.3966189656699028,0.2390428022448242,0
0.7602370702348986,1.9374457539809016,2.5484757713567796,1.399121803685915,0.2804938549130078,0
0.7686116169016133,1.8666587033531963,2.4286110986429956,1.401899977916963,0.20540793029081827,0
0.7583363414398351,1.8073774837995251,2.3833454695945346,1.3849228315622084,0.22150927611168675,0
0.7621224224831478,1.9662045986282632,2.579906509274421,1.3827123091605271,0.23461825514123102,0
0.7650442783346144,1.800922213286952,2.3540104334971135,1.3247105256743563,0.242580751243069,0
0.7665561063706691,1.8487881104161012,2.411810557702501,1.341932148995895,0.29951029776528476,0
0.769805374765213,1.8206216392530135,2.3650414753317284,1.4132016174256403,0.23890620507154905,0
0.7655489740594232,1.7423727267407214,2.275978135665917,1.390182460121619,0.2617566034381513,0
0.7615524235364689,1.7697824354475626,2.3239141269213124,1.350641164735002,0.24352225627729865,0
0.7727633044728551,1.9917527943045976,2.5774422553142364,1.38001897702781,0.271231123416149,0
0.769272586363482,1.7991831696335812,2.3388109774439116,1.3262632321445575,0.2883830913327044,0
0.7769573425301662,1.9418953564676142,2.4993590383531488,1.369676742983933,0.2883167944646281,0
0.7682595630180283,1.964425721695317,2.5569818017992167,1.4072115341550755,0.20803414005342172,0
0.7807711578538808,1.971423307458616,2.524969432627995,1.3444671426338326,0.23957613518081974,0
0.7635893236258953,1.9389637208529527,2.5392755776702134,1.4436990122684563,0.2403479179251534,0
0.760033072265214,1.8455173342697857,2.4282066157586777,1.3576266524692924,0.24987254067445738,0
0.7658330162017808,1.8355743646207339,2.396833677561244,1.3886708255151068,0.2512110294930861,0
0.757669882947875,2.159852230993266,2.8506507644066623,1.4184096573509033,0.20734791305374253,0
0.762408276235542,1.9053607709824536,2.4991344275410285,1.375539410610399,0.26995041254877866,0
0.767596931989694,1.79507839472247,2.3385690066131883,1.3569836507509834,0.20899106876153598,0
0.7582083064675645,1.9453204946664955,2.5656808004776384,1.3530896863066901,0.2157127724000393,0
0.7719633413031766,1.751145968428132,2.2684315105843824,1.3550653853836345,0.2497685222635918,0
0.7684516539579537,1.721858763917551,2.240685871452056,1.4026848387200135,0.24829119161767296,0
0.7643201025119806,1.9598062713650304,2.5641171348549094,1.3597032566345149,0.2559319823768544,0
0.7602544462010907,1.901427482042489,2.5010409232642,1.4050503328117356,0.2502558229150262,0
0.7644065914653326,1.959078946205321,2.562875527341877,1.3665432785791571,0.2509769974700281,0
0.7596076453163328,2.1198482503015583,2.7907147372361734,1.3538624178650727,0.21378075314083067,0
0.7657298516411141,1.8475187163467237,2.4127552457137686,1.4413376842823207,0.2303520182550565,0
0.7621329543724354,1.8924800389672347,2.4831363453185973,1.3832936251887953,0.26999495683060915,0
0.765120201122404,1.8411136604934768,2.4063064310583213,1.3565851190595397,0.25777959258737376,0
0.7650751134314613,1.7765358360830024,2.3220410713857995,1.3685968373159354,0.23840262216017222,0
0.7737997469743575,2.0047864516061815,2.5908336871976476,1.4329481320680733,0.2406155279014186,0
0.7723436327950398,1.853749862986477,2.4001620318638848,1.423850834957749,0.1632212192599543,0
0.7811427132506032,1.8266228428618874,2.3383983641871047,1.4335113518592801,0.27893819856952634,0
0.7720504231208822,1.9811373603324327,2.566072501228641,1.3557792427811965,0.24280965734465954,0
0.7824389051231231,1.8459427914083846,2.359216520704464,1.3843125473341193,0.25175351686257386,0
0.7730106995119955,1.852823892369317,2.396892945387446,1.3400794506538767,0.24501903161583297,0
0.7712994074327428,1.8424060120185701,2.3887040418596817,1.368682387093135,0.22256697476379678,0
0.767743070881283,1.943222006235637,2.531083743947094,1.3586249756001627,0.2539345307729092,0
0.7707464498239223,2.1287476498662063,2.761929880251178,1.3769674510721734,0.27098958643943527,0
0.7669120123964561,2.0060862415522616,2.6157971307342267,1.3320332003141675,0.23457730343717892,0
0.7618204004249447,1.901190388225215,2.4955887072133116,1.3807741432566603,0.26128747282323905,0
0.7805093823408567,1.834063098596487,2.3498283814294143,1.4496513736668435,0.22920935887242094,0
0.7772454216074025,2.0319598295251797,2.614309165466594,1.4662280811748651,0.260832299887152,0
0.7651204894519432,1.6599192614874179,2.1694874001824473,1.3663251923599988,0.2740997665268165,0
0.7632789972103697,1.8442231938500315,2.4161849082580473,1.3795436198055384,0.2664275797500561,0
0.7646869118444343,1.9262224054812216,2.518968712090481,1.3191451839323678,0.2649269638423727,0
0.765319369581998,1.7909819007791077,2.3401758428736827,1.417057743458688,0.25035252236695515,0
0.769020089646833,1.8354566273673707,2.3867473061858386,1.4274258297649096,0.26124582995686646,0
0.773405492027448,1.8708326165123252,2.41895439817478,1.4107482285443993,0.24884892568512945,0
0.762291813933502,1.949205836045286,2.557033671904712,1.4232018488313187,0.23852892518517133,0
0.7717008705983209,1.9271683717583872,2.497299724780925,1.4330740432174034,0.2197393138104699,0
0.7733402089540512,1.9708529390559084,2.5484940731602497,1.440362396744075,0.25418348203873115,0
0.7590645009815624,1.9467064182622815,2.564612645888398,1.392411744069039,0.22179565824191003,0
0.7639879975199719,1.850534790626238,2.422204009268957,1.4313897062072292,0.2078143880809198,0
0.7609095168856156,2.275436727359943,2.990416963994945,1.3286240992827094,0.2736833233390571,0
0.7816176337125119,1.8876042385902672,2.4149969974763263,1.3998322977697284,0.2661842052975705,0
0.7606732862156985,1.7353645279846353,2.28135332136871,1.3323051148213951,0.2969002864240442,0
0.7767974091676451,1.9609533056919142,2.5244076287446906,1.395915359878271,0.265633193968111,0
0.7725811903342306,2.223126270805235,2.8775309295887412,1.4249606926677265,0.2562001804872992,0
0.7684606932890352,2.1203045493697994,2.759158103838508,1.4235113316155448,0.22153039877442762,0
0.7610493497253469,1.8285557519566313,2.40267697832806,1.4395414452765831,0.19802014850941946,0
0.7602186883193777,1.8967767348084135,2.4950409190829483,1.3485230085797923,0.252651712451033,0
0.7739933146247957,2.1187158404516344,2.737382610957967,1.4253481678979025,0.22823105558159637,0
0.7576083262230252,1.9049239281085386,2.5143914898682964,1.3349155999178106,0.2644076833066761,0
0.7599962760923895,1.9046384407368318,2.5061154911570815,1.3876160952905885,0.26820901928940505,0
0.7693916292514345,1.843317898540882,2.3958122605704775,1.3608612825631725,0.28652263290583885,0
0.7600243707471102,1.840855433614864,2.422100533178019,1.3512511259869038,0.25507233649241706,0
0.7650372511771403,1.8318076733812978,2.394403240577827,1.3601145371428267,0.2548872290641246,0
0.7647634671172873,1.72647754286252,2.257531402971346,1.4280891188966929,0.3016399534965348,0
0.7643774912474242,2.0022406369900976,2.6194395569164985,1.3930799658936777,0.22180075004290256,0
0.7585919804116097,2.0350309940549325,2.6826423777255473,1.3692101542300734,0.17547702787091243,0
0.7656286220454872,1.8146785430365515,2.3701811698057687,1.412938281062148,0.31558084667392583,0
0.7729800966885443,1.7898603276438738,2.3155322307930777,1.4206461045894558,0.31850407927905905,0
0.7594680461255591,1.9253054100333538,2.5350709879834135,1.3935574491502578,0.27970679928459247,0
0.7672489407497781,1.9291811808188521,2.514413612527897,1.3793503204517479,0.26733856985808574,0
0.7515379336047419,2.3246774690633445,3.09322705497121,1.3656304940631205,0.23220168874616956,0
0.7651151951616981,1.9971008881519798,2.610196347923682,1.3326742593491663,0.2567646053468008,0
0.7625419948341703,1.872769838055428,2.4559563286251516,1.3986471154421511,0.2633135975246164,0
0.7789848335420408,1.8827347513703776,2.4169080966693413,1.3755097146704949,0.27257850234767095,0
0.7717298080428531,1.972925198484752,2.5564973361443597,1.4092810983923663,0.27936656753215994,0
0.7669568396188172,2.0191309377720104,2.6326526258968266,1.4102081345482036,0.2754137509499112,0
0.77390289282244,1.8346504139915267,2.3706467969133938,1.3990881232607963,0.22440161820470175,0
0.7649514363035619,1.8969865169252176,2.4798783646866975,1.4266602874683139,0.25508671703854036,0
0.780944320825201,1.7769377877908186,2.275370651153696,1.3906162630393344,0.2455212629854402,0
0.7837110782482152,2.104587793001502,2.685412840795574,1.3972237745228766,0.2252497853542606,0
0.7661658444575248,1.7774680559866889,2.3199520950261174,1.3136578327275918,0.2603240414685395,0
0.7619636821459335,1.8744557669260722,2.460032952813453,1.4269796841127065,0.21502523738147983,0
0.7703524118924184,2.0471589759446776,2.6574317732266257,1.3472839942162493,0.26270584655518353,0
0.7579917949965227,1.8265513223262613,2.409724398579592,1.3526470271654267,0.28385519016987754,0
0.7690415683926279,1.9520835604151796,2.5383329596802224,1.3574216649098276,0.24379294266581564,0
0.7639448022408771,1.8881104443562493,2.471527312991541,1.3691406557316002,0.28730823226616986,0
0.7754439326009044,2.0757565449406474,2.6768621916717885,1.381720587767959,0.24853229516586214,0
0.7700836018220063,1.8293225044183377,2.375485596745844,1.4172056004454259,0.26503068626969994,0
0.7697065052137,1.9561950149898515,2.5414817228896056,1.3795015138526414,0.2674150838363847,0
0.7598097732137518,2.0465038577963006,2.6934423982732487,1.387216578027488,0.227209899808632,0
0.7625506029986888,1.7849846530665534,2.340808132663194,1.3624974267116061,0.27347885888172035,0
0.7735546840245277,1.7563040461328625,2.2704329537447077,1.3967379052764426,0.2497559979458357,0
0.763887838420958,1.8045654891804663,2.3623435253409792,1.343915424091701,0.2835697663053211,0
0.7752106666518749,1.8028963621074425,2.325685700242141,1.3729517127167883,0.21389427637797265,0
0.7643558048568874,1.8210501054045027,2.382463891597531,1.4056318908988452,0.2650683591477336,0
0.7599738221901722,1.8036146522364294,2.373258919680396,1.3555057681215046,0.2743715323389857,0
0.7636122705534533,1.830175091186817,2.3967334755638974,1.3845186556167344,0.26775111321863754,0
0.7670499662762198,1.8097367950881913,2.3593466849022624,1.421549767092249,0.24993715302191302,0
0.7661769793687973,1.8868542562458017,2.462687221169522,1.4820441849608157,0.3014227321688789,0
0.7732271086835726,1.807849781211445,2.3380579404275266,1.431223213521293,0.24503477382834873,0
0.7686354282183785,1.8907473196554885,2.4598753196142096,1.4223350576089144,0.20995935887479378,0
0.769360627860125,1.7769787227495037,2.3096824277217505,1.3526870960999329,0.27495589872108994,0
0.7731455665314632,1.8355180030085088,2.374091092888408,1.4403004894726865,0.2946352334429127,0
0.7667598456047751,1.824884902996415,2.379995396807788,1.4081330933131766,0.21271502367033676,0
0.7717242525744071,1.9199231150977893,2.4878356598138356,1.40456744984958,0.2581524299877575,0
0.770103932878051,1.774143783572537,2.303771877832339,1.3898325208918136,0.2796903752763599,0
0.7630639107800766,1.8039235680170633,2.36405305313538,1.3900359562111362,0.24663652677897419,0
0.7698711333543786,2.1203064499254065,2.7541056653041314,1.3462899452244559,0.2595643630436916,0
0.7730404226907418,1.7433632565422676,2.2552032278908496,1.4128026534624176,0.274452505975666,0
0.7673378190862077,1.87256935737848,2.44034545255237,1.3688149464384476,0.23838207635403477,0
0.7553351248529353,1.738405804533604,2.3015026672724557,1.3586853738171967,0.2584008422014947,0
0.7689445978999565,1.8051576652833705,2.3475783173630287,1.3838010185595675,0.25187425772153965,0
0.7787928511424506,1.9876542965087305,2.552224630199083,1.4440196404411796,0.24886736793628234,0
0.7644598920174686,1.804464982604554,2.360444284189236,1.3723616368016458,0.2830352152878938,0
0.7754834868667876,1.91095083647803,2.4642057101678723,1.45176454400519,0.24410204120768253,0
0.7749572956486234,1.9156392268759919,2.471928759987531,1.3982413613340345,0.32663053329701613,0
0.7692686031210033,1.8158851546863706,2.3605346004232257,1.3678606116168137,0.24210459990798128,0
0.7802530987605251,1.8639690081904408,2.3889286837200108,1.4003850303450722,0.267366795567584,0
0.7665571437844008,1.8566482300010008,2.422061088407514,1.3648759932985537,0.248327569853291,0
0.7726290786358124,1.9824986519036671,2.565912553283722,1.3404415743224312,0.2435691167893348,0
0.7672590200593394,1.8164581393823682,2.367464040034204,1.3712073840084544,0.26364444952629085,0
0.7596233173313122,2.004005575643149,2.6381570048212404,1.4053232369138369,0.25037051886720774,0
0.7718863775637764,1.9748705746345583,2.55849906415972,1.4322757855249615,0.22481047176176275,0
0.7661931969071831,1.8776008432794216,2.4505579674402598,1.3980859312974583,0.22272355077836603,0
0.7726754130945106,1.784983213355136,2.3101333148500274,1.3812191913664407,0.2203276460744205,0
0.7742640784200129,2.0851690338928197,2.693097990737062,1.4347267394980991,0.2084176102853247,0
0.7645469478182072,1.817669898572249,2.377447066866653,1.3273263850286385,0.19744318533798935,0
0.7759269243330169,1.961112547631986,2.5274448999404795,1.3511724931908942,0.2811560036620428,0
0.7602721493097571,2.011015169818743,2.64512539574746,1.3873530921087056,0.3051388234891944,0
0.7591081673651918,1.7568791583459373,2.3143989669402907,1.3687317839242308,0.24169352926422266,0
0.7663346444041023,1.9221774425948457,2.508274233235952,1.3855249779091832,0.22635603223761663,0
0.7656812325948866,1.8205791847043704,2.3777247073621544,1.3489921162820957,0.21976499975839078,0
0.7766370452241509,1.8469832984226777,2.378180785710018,1.385803532478446,0.25244233489515955,0
0.7681620102017095,1.7973944798251469,2.3398637995039278,1.3576417858146916,0.21259961617015813,0
0.7741185994443603,1.845153619903066,2.3835541753259295,1.4140504827979037,0.2477548356272765,0
0.7724541164200581,1.9206140815031785,2.4863795022599824,1.4012285774836626,0.2455391973197184,0
0.7774312638486561,1.7149203067493581,2.2058802964260575,1.3890927719662947,0.21408011070437538,0
0.7691857929698062,1.776888759071209,2.3100904557931163,1.406178544488848,0.2785248432817956,0
0.7818468658493345,2.1770559851545865,2.7845043323024785,1.391211445890685,0.30680125436207867,0
0.7663324554638951,1.9102836667032304,2.4927610113378935,1.3831663412115618,0.2285682823361046,0
0.762949490328502,1.9086358273746695,2.501654239984971,1.364583644621764,0.24312005741428913,0
0.7695644213344747,1.79390021530129,2.3310591882490495,1.4257330051212698,0.2292178064920236,0
0.7751267215893346,1.9436046952137287,2.507467025815501,1.4026720881617818,0.22667771324179214,0
0.7710114031443724,1.8302702982492878,2.373856327915514,1.4296103222878522,0.21581455703476937,0
0.7718003424532249,1.764780530664352,2.2865765063732226,1.3952150528454959,0.22894934713924078,0
0.76371374047873,1.852680654245097,2.425883621111431,1.390091392325934,0.24231867683157318,0
0.7627235619771798,1.9166139251659993,2.5128552738001595,1.3394333321722052,0.2474339140334125,0
0.7693473733749004,1.9141600380120405,2.4880309002878427,1.4074922584505234,0.23286658088115497,0
0.7684662348462151,1.8433673998661804,2.3987617364022165,1.3750245971660648,0.19577026123276145,0
0.7707373303026358,1.9221314065579782,2.493886478553256,1.419500480499856,0.31056502958755056,0
0.7655470551819182,1.9418197019268,2.5365125354252225,1.3833818920880347,0.22462522106539962,0
0.7611246410803723,1.861910745884418,2.446262603246616,1.4088240609014542,0.19549031558146718,0
0.7678472550390845,2.081060350030229,2.7102530306295103,1.3566257617207882,0.27360776019463157,0
0.7697855684376584,1.7762759876540652,2.3074945289753352,1.3759094593903398,0.22839211759126954,0
0.7809934261772037,1.8542512894308558,2.374221379182435,1.395510754100107,0.22243253584712544,0
0.7706620506291894,1.9586318895646988,2.5414925880489623,1.3589170175751983,0.2744576139732136,0
0.7908562234857646,1.8361690205727177,2.3217482091493826,1.4916103255277195,0.264247521162317,0
0.767963575677271,1.8858510192695563,2.455651646767771,1.3853886313553745,0.21802767582686453,0
0.7640216231550931,1.9615622318630874,2.567417167805601,1.3236975325544866,0.2623943916025739,0
0.7584874959868319,1.7629786724821281,2.3243345233903967,1.3745454453231922,0.22719258741069698,0
0.7651278758237477,2.027208700163715,2.6495031278022547,1.3234379849537001,0.22026840943630063,0
0.7646657795517072,2.112240715819433,2.7623057972566194,1.3419816245894418,0.21763653531682328,0
0.7689735660213796,1.8694357439784437,2.431079333000724,1.351089129757857,0.3094651450858571,0
0.7599789086400972,1.85994087439206,2.4473585427788116,1.436724609848452,0.24689929897228854,0
0.7744382587554153,1.9096973275406735,2.4659129452226587,1.4262831849424749,0.2773503168465892,0
0.7687311806750333,1.944365893373011,2.529318365446861,1.4012728415018068,0.242224860070135,0
0.774077730333092,1.9889281942929653,2.5694166313725537,1.4707430987804853,0.2653644878344747,0
0.7694620693972711,1.808163480727615,2.3499059312227972,1.3516907088768992,0.20393180125524768,0
0.7660671853191019,2.0184584537995405,2.634832156345087,1.3380737715365372,0.2913710488077025,0
0.7724175209688282,1.902712155595784,2.4633208128283384,1.366632089102549,0.2706382583796355,0
0.758521950373475,1.9029394166923779,2.508746669434449,1.3181544575034247,0.20518888812936792,0
0.751372257148884,1.7460504377018855,2.3238154205045483,1.3204666969518613,0.20106062383249312,0
0.7718653416018023,1.8340721524739,2.376155598161421,1.4316701249785233,0.2675496851739525,0
0.770225788951604,1.8163832643322166,2.3582477896573604,1.4069420004589255,0.269726253048809,0
0.7691521389065828,1.7660025666694645,2.296038036349989,1.4108895696120316,0.3043821085726918,0
0.7731915266945535,1.8531710447264396,2.396781367546631,1.3387362090902049,0.2754901435468187,0
0.7674219448298196,1.979865245733956,2.57989136103347,1.4290482913185802,0.26448503651734206,0
0.7561509954720177,1.9314232137190193,2.5542824452850885,1.3682394237664035,0.25141611021097404,0
0.7703512186771694,1.8544591041556036,2.4072904140270475,1.333568562595269,0.272944302328024,0
0.7726097428695105,2.054467102631521,2.659126579223722,1.361743791512397,0.26778640860899183,0
0.7645568734502317,1.8033172601679248,2.3586437095648063,1.4219275342365834,0.2684477776751769,0
0.7596853766390902,1.873638193442666,2.4663344208780136,1.3665752552871784,0.21981667160998553,0
0.7716114211421725,2.037611473937896,2.640722283402358,1.3615796116898184,0.2537524110087885,0
0.7713017538174982,2.01597360467357,2.6137287964090126,1.4142763732138468,0.2036876629036112,0
0.7715684836040083,1.8688801834264228,2.4221831543673926,1.4200363941550391,0.2703986484430964,0
0.7678623162693574,2.0650233730212144,2.689314645695971,1.3221913721315204,0.28384035771507626,0
0.7711107098935769,1.7519096006996318,2.271930059098022,1.3815828986285275,0.25926644206120697,0
0.7670288793537542,1.7856161204255616,2.3279646549032145,1.3709453333125754,0.27721170183737637,0
0.768224277922855,1.7794147987580633,2.3162699356095486,1.4225106171411,0.2650391969353865,0
0.7644212971257556,1.8799024648513094,2.4592492018730936,1.3879389549615893,0.23770577219825245,0
0.7723232900454992,1.9332669947418886,2.5031836015562807,1.3610597299598657,0.20883545982395563,0
0.776193720524187,1.9038390501374671,2.4527885240449345,1.3272224496818938,0.2248820892472707,0
0.7665652224499574,1.734266492020363,2.2623860843538055,1.3680569413597603,0.17270889562663083,0
0.7632216385825209,1.9537549794514242,2.559878914177537,1.3544117208455173,0.21687549794025512,0
0.7820099684177011,2.025075657143007,2.589577804539363,1.378023078326787,0.27821748893193343,0
0.7736147924410846,1.7301114613308277,2.2363991462360593,1.356773256773933,0.2052457541250576,0
0.7647479170132935,1.8442203876505259,2.411540256105684,1.3834386816555786,0.21631990076210755,0
0.7648366233630222,1.9680254608368095,2.573131830669026,1.3775957425285015,0.2697488929008027,0
0.7657477292012634,1.9438234906906822,2.5384645837843314,1.3417510462504776,0.3053633913062132,0
0.7728456944783273,1.9535597226896468,2.527748729981998,1.4028613487066026,0.2942637884226305,0
0.7642152114682792,1.7887852368331254,2.340682585205743,1.3682470468579426,0.23450975451252296,0
0.7629066856855026,1.9138613427452607,2.5086440827629906,1.3758318462298516,0.2386248995634361,0
0.7709822106830584,1.78939069499679,2.320923453488588,1.4193953710995433,0.21848181983518403,0
0.773945035722102,1.793377693210929,2.317189994684418,1.3714084764033505,0.2675214018704831,0
0.7659750002935771,1.8309164629617887,2.390308381161329,1.3695764153820253,0.2591112928127148,0
0.7563275883315731,1.9665041639723655,2.6000693275124225,1.3904021224044159,0.23284677951564914,0
0.7695398705995377,1.7479767910859665,2.271457084769555,1.4307161494704301,0.22543664914343955,0
0.7732235300541369,1.8172054799103696,2.3501683656511836,1.359895766910167,0.25826550397092873,0
0.7598458849245224,1.773721689522429,2.334317688248871,1.3535429213879326,0.25441570119132056,0
0.7658912958790969,1.7898117934421367,2.3369005537369043,1.3440394697620126,0.28583197672169647,0
0.7746438678413752,1.9741651454011753,2.5484809566780533,1.3547718492584617,0.22733645893412074,0
0.7747030559690998,1.9401594714648134,2.5043911425362952,1.3972981964398261,0.22215524853680726,0
0.7654469274304638,1.7988757155473043,2.3500985516866173,1.3838143530480114,0.2627659701096567,0
0.7736374628787559,1.8752207515155555,2.423901170113629,1.3178013498402106,0.26741849070766804,0
0.762571680344019,1.7937667002107447,2.3522597894030404,1.3972360628683458,0.2803610953064238,0
0.7665725914368542,1.8171609879958444,2.3705008609684053,1.4013577902071424,0.23637570960335946,0
0.7763510572344444,2.0304927313116217,2.615431140835619,1.4197469693197882,0.25471111847254235,0
0.7624088819019477,1.7658686812374624,2.316170132793086,1.4301888431451417,0.2665487025162523,0
0.7689003139791769,2.021673979976722,2.6293057022102766,1.3729731282304805,0.2636539420146407,0
0.7671423701607909,1.925906618194602,2.5104943920525957,1.3044730489521013,0.24067401697282143,0
0.76308291145482,1.717955268061237,2.251335002098199,1.3936927712277811,0.24403751133696666,0
0.7704603524700787,1.8063740158816435,2.344538573711741,1.37987614980897,0.22541167823726427,0
0.7723324487018105,1.8467194140984728,2.391093909368389,1.3274028982636203,0.28307069512710503,0
0.761543039099024,1.8987853617141481,2.4933395280726187,1.3729984994112352,0.21598604232596258,0
0.7625603156332016,1.8709426369266167,2.453501183539896,1.4065499320603612,0.2740946239148259,0
0.7685110715420895,1.8057096723035333,2.349620895740913,1.3989413462041107,0.28551640108166443,0
0.7754031694770502,1.9766402239435679,2.5491773850713813,1.425144451590952,0.31935010543453507,0
0.78256161934117,1.9130907873334064,2.444651948231267,1.3893238289420617,0.2604254487077213,0
0.7655342559329384,1.8680174542832733,2.440148745540805,1.3224775623928093,0.2315221101077177,0
0.7558649330448463,2.0012821912503815,2.6476716986838222,1.3918313355949699,0.22790555581369737,0
0.7736267948766556,1.9956647186995569,2.579622024360905,1.443879139856365,0.2246276767601596,0
0.7603236136087043,1.9217000156415294,2.5274764340418345,1.394710875390854,0.2736167135013017,0
0.7697147435598704,1.7133003035255996,2.2258899389164872,1.341166874433304,0.28642565545909443,0
0.7672502212823832,1.825582685958688,2.3793837203558,1.4108442580254312,0.19804049282979755,0
0.7765151947812602,1.8877145804850999,2.4310079096608765,1.3911811493750155,0.22616940848402708,0
0.7812640678125061,2.1733609019729476,2.7818518622752375,1.390013108282341,0.24395233427125884,0
0.7645450467654898,1.755072107936029,2.2955771087146486,1.3189197340057144,0.32648994048884267,0
0.7722053203307144,1.896714100522109,2.456230293401499,1.385855652508481,0.2690285691626024,0
0.7739616863211486,1.9438907376818502,2.5116110681417503,1.3073308016948268,0.2106074137322971,0
0.7842141695483993,1.782365262051695,2.272804204848906,1.4119639392319734,0.2881499856160235,0
0.7594521968954572,1.847382071998112,2.4325192283990646,1.3761872044570427,0.3017205656862584,0
0.7747406150790673,2.0304148524346926,2.6207672773518857,1.4244437109601162,0.2163610512618065,0
0.776418913857856,2.0338799017365865,2.6195651154744306,1.3935089699872931,0.2434473137490722,0
0.7692394862471457,1.7911570745448242,2.3284778103153054,1.4118961686479177,0.26282121989312685,0
0.7576480339200172,1.721486308704272,2.2721451539937667,1.396858012353726,0.2522582686943924,0
0.7722705649992976,1.8016395935054497,2.3329124210594356,1.3305247014295438,0.23590240646700472,0
0.7676529300510397,1.9374839500863223,2.5239061485214456,1.4266681085382082,0.24900724068162802,0
0.7639834169085066,2.1099389591572395,2.7617601540295245,1.448373551166057,0.2649030104076764,0
0.7639010573107212,1.8291689465021077,2.3945102955369815,1.3671955187620084,0.22623766319647695,0
0.7649847446796321,1.8706104496090539,2.4452911807966142,1.3229470077868584,0.2910868915540169,0
0.7613520644300585,1.9932994517929308,2.618104744071453,1.4081882417669211,0.2756519199762153,0
0.7734358193389004,1.8596737929469263,2.404431946966841,1.3777582071691448,0.24869157113547782,0
0.7673231323865586,1.908298365822327,2.486955345510127,1.4224560165425932,0.26054510695339994,0
0.7666616648593377,2.0534104674525,2.6783789532886675,1.34976393470216,0.2399894443581752,0
0.7616828451123188,1.7893908298043855,2.3492597231076138,1.4693846712306904,0.2977441409607974,0
0.7674965458084144,1.8938881556660903,2.4676178231802104,1.4068428760279656,0.273069219394665,0
0.7744438432103224,1.783439238048055,2.302864505520655,1.398276815639482,0.267696299028178,0
0.7656351802881609,1.9133231247866163,2.499001056960969,1.4022341455014853,0.2586863764091384,0
0.774298835058081,2.2089663685037353,2.852860250445861,1.407832155937132,0.2732974202855545,0
0.7708027695288157,1.9609254344671299,2.5440041369672617,1.442922356433102,0.2509881539932326,0
0.7705985099465285,1.8287189211297747,2.373115049569287,1.3410341703001727,0.27710414139738376,0
0.775403708186839,1.7427189415761637,2.2474988488915546,1.3526555708145565,0.24113311541409832,0
0.77150633466805,1.8752299269881356,2.4306085935055557,1.3624956184285768,0.24106612490028428,0
0.7579615026271732,1.7400331505377977,2.295674839034255,1.3087153161171312,0.28621805713598614,0
0.7686037454399001,1.7849849601811765,2.3223734866912005,1.414935434816103,0.24212752793382736,0
0.7548348621799109,1.7684506349873994,2.34283115896401,1.443528831801389,0.2516647804200331,0
0.7587462015832896,1.9174440627575318,2.527121794819356,1.3187012897717079,0.25095174296970846,0
0.7638776936907866,1.7634078486937432,2.308495015967256,1.4131399368892374,0.24265640823344634,0
0.7716854773994156,1.812759232875034,2.3490907707425603,1.4189116046524095,0.2574625525946757,0
0.7691749776797505,2.0756820388166126,2.698582375986797,1.4046192881398147,0.26973958776312995,0
0.7690776315077015,2.0117070254324423,2.61573987204476,1.4025009885791127,0.25924822549598014,0
0.783181246896703,1.8147565540380148,2.3171603779187153,1.4967693793781396,0.251501413076992,0
0.7627737440920607,1.797742973453666,2.3568495735174295,1.4573701802401982,0.2423886690726037,0
0.7641168287622662,1.8421422176336124,2.4108122584049827,1.4089282709449962,0.282841339713712,0
0.7673485737611361,2.0392840933188774,2.6575720123168893,1.3409385048704865,0.2563753293148769,0
0.7765499923403364,1.8148645552314995,2.337086566393402,1.3619719355982838,0.19225526528421263,0
0.7666978312533722,1.9740686919273804,2.574767543949144,1.3757914061700338,0.28405849113391873,0
0.7765907930634582,1.7604703774537618,2.266921515395698,1.4031493382249334,0.23537473357245156,0
0.7709714173215242,2.13360710976215,2.767426991229631,1.4090701768815295,0.31495330153090145,0
0.7674930712943435,1.707524786690397,2.2248080804309165,1.368747418077163,0.24237882722124252,0
0.7651930091659094,1.7416182905404458,2.276050969727074,1.3645269706307928,0.23946376216161314,0
0.7673837660047854,1.894635345796508,2.4689541657370597,1.3840742339769416,0.24280228491334505,0
0.7767046775563363,2.1313770675698827,2.7441280182264496,1.4160467060571573,0.263532423632001,0
0.7692812917092942,1.9804844293238797,2.574460669546986,1.367844374965915,0.3071838864710077,0
0.7750483781905364,2.0567745338825443,2.653736968890103,1.4024312998577582,0.27222504482353715,0
0.7629246457511731,1.833175200331329,2.4028260333972966,1.3708748214639872,0.2960467433194403,0
0.7844432592722862,1.8038014849430302,2.2994671234939084,1.4581726571183118,0.24700144601720245,0
0.7691656052402608,1.9071920833475589,2.479559759763072,1.3424519199297436,0.2575854787421264,0
0.7757401805725691,1.8475507892447016,2.381661844409085,1.3710593674579092,0.24847254594875567,0
0.8703256349576219,2.2286070848050175,2.5606589020137656,1.3081157453201127,1.0535636644707604,1
0.8768839255825548,2.289340906604566,2.610768472102679,1.416701794853209,1.1224963130123566,1
0.8733830906594358,2.213960809401529,2.534925204162023,1.3708647755015868,1.0861768079537466,1
0.8753034892299569,2.3744846280447454,2.7127558124253386,1.4260235685029878,1.03402642278858,1
0.8801144652424367,2.244122717215945,2.5498077873288647,1.391243062504577,1.128329161318769,1
0.8757375852339268,2.5558280203721986,2.918486157802039,1.3585141382786965,1.0760018966269844,1
0.8723231507402398,2.355179859164344,2.6998937918428223,1.3827519037937308,0.9988707119514325,1
0.8686381543144592,2.2691277785488784,2.6122819580032197,1.3459547036047204,1.0876286489110218,1
0.8645302257367687,2.2615719007987067,2.61595469247053,1.3898692522877358,1.0683633148791154,1
0.879693930354728,2.5992247142468283,2.954692108877819,1.4114260795738385,1.0380193686876111,1
0.8769793101872834,2.191465518739882,2.4988793843629944,1.4655502343789573,1.16463377303439,1
0.8729536545780815,2.493788981242393,2.856725518203711,1.3856042983386447,1.0520083192822862,1
0.8765852184936441,2.231692237699714,2.5458930753301257,1.3637451756714853,1.0053275001963913,1
0.8607425034584851,2.2530187769856522,2.6175293632334475,1.3570970925196315,1.066732816834722,1
0.8838804886171625,2.6964673849961356,3.0507149096760564,1.3809067234684764,1.0524388325291552,1
0.8786368408231486,2.376720304000031,2.705008706183327,1.4411990999912434,1.0433081299859372,1
0.8798756180366564,2.540713694282331,2.887582792612947,1.4689009747201518,1.1334414250249651,1
0.8699783295253769,2.5268161875192883,2.904458768413015,1.440978377131472,1.119806931272834,1
0.8717490868810231,2.40088593449104,2.7541020353471435,1.3440548990991146,1.1063053498205826,1
0.8801524835475222,2.450342436716971,2.7839976396370294,1.343929581617012,1.0597291706475078,1
0.8735297766778681,2.323183695080234,2.6595357789811844,1.3531754707615402,1.0754829029014732,1
0.8672091284835114,2.3787946207913144,2.7430461034826887,1.3476235765611924,1.079817051433127,1
0.8782785106326475,2.5228589604307223,2.8725044844982484,1.3932717002387138,1.0297396695583556,1
0.8691414310147878,2.1957464041859245,2.5263395873583265,1.446445831265308,1.0477279916126383,1
0.8764971969795825,2.2159473918927493,2.528185371874462,1.3977026966642465,1.076370887352121,1
0.8794075916681778,2.200231223359491,2.5019470427652304,1.4032395683148038,1.1704449028972959,1
0.8714878057805383,2.1578847332443054,2.4760928597407283,1.3543052531098891,1.092553649899313,1
0.8649097621795322,2.3159280842300243,2.6776528436839397,1.3495621686273136,1.0838233527754324,1
0.871762883641774,2.247649380703831,2.578280657366732,1.3810994508776056,1.10621401738478,1
0.8785066381920861,2.469744357848566,2.8112984586333365,1.4160810627368576,1.0912442744706041,1
0.8712370905175233,2.2362700539919222,2.566775540586267,1.3501337393645874,1.0501461167138944,1
0.8726050855507164,2.4284804924425023,2.783023537972903,1.3786211409665006,1.0237061476733282,1
0.8762509669798898,2.3715787056977256,2.706506235161911,1.3713002989477685,1.0376314963776934,1
0.8801370964960137,2.29767121260843,2.6105833077095357,1.3598075352355392,1.0508341744582341,1
0.883030019621848,2.3611378358752573,2.6739043785695977,1.4180701654345276,1.1054614914745056,1
0.8809038456937222,2.3031991914051666,2.6145863736028647,1.393880719682762,1.0296723683764784,1
0.8833765866285685,2.2570680673663968,2.555046286635873,1.3690787316152668,1.0646633342146035,1
0.876723574213123,2.4207740152930604,2.7611599442455437,1.3627013393942178,1.060695623864522,1
0.8848064944992813,2.3318194883778287,2.6354005117214054,1.3479049977906203,1.0333226716875974,1
0.8781900501216655,2.2350219909827107,2.5450322406557304,1.3231998806372047,1.0911690257111442,1
0.8784862280002983,2.4473773244046213,2.7859028934074423,1.4709822221708169,1.078816044288277,1
0.8798479771429925,2.2118043470616495,2.5138483062082306,1.3891526803561527,1.1312469285744884,1
0.8695604926572452,2.160233261572404,2.4842817490144453,1.3389278426634135,1.0634798547653503,1
0.8796487992757417,2.2657951566156544,2.5757952019956094,1.3678693799469153,1.0389828772993106,1
0.8792312324331976,2.4056650376294733,2.7361005261061986,1.3809872726787085,1.102952007097619,1
0.875785917160015,2.2911320304546643,2.616086860455934,1.421301137659906,1.0692031988693143,1
0.883255756051348,2.3774455105453582,2.6916841404735163,1.3542929518775397,1.0744896247158262,1
0.8758818073727767,2.265080135395552,2.5860568358985567,1.4060144058751454,1.0615060740489677,1
0.8870182445122508,2.2786305008647676,2.5688654263450124,1.387164768228827,1.111092171456575,1
0.8790188999989974,2.326591886448731,2.6468053035621697,1.3688081031899102,1.0729422219709224,1
0.8799430612070576,2.125800431315662,2.4158386207393985,1.430431797078925,1.061634560147081,1
0.8824361217138537,2.251039905614026,2.550938079508907,1.3320340626004694,1.0664192742358467,1
0.866255903791953,2.2148093952472157,2.5567610974448747,1.3839028872184365,1.0758081298427844,1
0.8791891025065363,2.441766345552099,2.7772936886850754,1.3866796919257949,1.093409495081977,1
0.8771779429651991,2.18186742373258,2.487371509088599,1.418686024878428,1.0327521162110613,1
0.8838892303355109,2.2746238639550143,2.5734263818234346,1.3319978511974468,1.0606618101350758,1
0.88081116955874,2.3385796894840505,2.655029557192842,1.377186354237047,1.0943385005529496,1
0.8745255146335186,2.352295594939837,2.689796415974893,1.331951493184316,1.0556584996682272,1
0.8753811637152,2.178519816235942,2.488652836657004,1.353165519713998,1.0482567208547109,1
0.8795552533537246,2.3915521186008855,2.7190470518844045,1.4219564707416013,1.0685759206067744,1
0.8901150046417713,2.408404485086888,2.705722825171513,1.4515876008218411,1.0291054893819105,1
0.8681235649860639,2.334567053441421,2.689210554351094,1.3318293973630762,1.0471348712621045,1
0.8816806445232048,2.397080682085623,2.718762963637379,1.3521572473009804,1.1053496932830318,1
0.883042689941941,2.3367979077383403,2.646302307187416,1.3440213638836347,1.0872708910779703,1
0.873058333628191,2.3205848928306296,2.6579952374853524,1.3759028514014056,1.1162585048698532,1
0.8798195755804531,2.1823030962960095,2.4803984326630317,1.410857871043524,1.0791892810296442,1
0.8754839485188393,2.2022351778538467,2.51544894864107,1.3445481957941179,1.055884126354165,1
0.8826586916254283,2.328874318726883,2.638476617092195,1.3927968798927735,1.123202657935447,1
0.8698744724680577,2.2549059611848765,2.5922199496062093,1.4299799171457388,1.0922457434141966,1
0.8811011358928311,2.609580945837795,2.961726911398739,1.3793424897540842,1.0360015117651935,1
0.8719157910984962,2.2340163894875933,2.562192831343305,1.3366350586484805,1.0187383677159194,1
0.8680909185426501,2.2007379655422596,2.5351468590834423,1.3818110323480721,1.082355685874484,1
0.8799227046601995,2.343216530191528,2.6629799615142447,1.319107518316724,1.1071496238197762,1
0.8768371555579328,2.0139675091888196,2.296854662719361,1.327524753394137,1.074119569039501,1
0.8736658446543007,2.2004618809504524,2.5186538931496734,1.346090057975846,1.0831160755646605,1
0.8832529371455933,2.3044440068957863,2.6090419968973477,1.3922826827635824,1.1183323974108712,1
0.8685451829564069,2.188890593407995,2.5201804538910872,1.3491114142198508,1.0538579635816323,1
0.8573821846783131,2.177349332009043,2.5395318108061424,1.3937820209110252,1.0629572141101387,1
0.8773932525810648,2.261137020238098,2.57710782888564,1.3093232269198603,1.1081643826085867,1
0.8859141074920375,2.470814084226162,2.7889995918688646,1.4612570255684185,1.0503179076177598,1
0.8767140742316024,2.4080335150496173,2.7466577597264448,1.3832824695888708,1.102813723760144,1
0.8701525498051838,2.2873967681166354,2.628730753738244,1.3924111231492073,1.0519901573676942,1
0.8709732850741206,2.5769417488206665,2.958692066658929,1.3908338254676442,1.01970466469724,1
0.8738659484808406,2.208859878685609,2.527687321522905,1.4154806715322745,0.9677294804391142,1
0.8723318856019852,2.2550594080167015,2.585093409099122,1.337768094902909,1.0375889313371986,1
0.8845837909073521,2.1848269330854366,2.4698925704306367,1.4132623284285413,1.0982803506995078,1
0.8622759252383015,2.3530526431208623,2.728885933433158,1.3769533950491621,1.1275827070788378,1
0.8803387097424958,2.3281330981860924,2.644587898295515,1.4407910211652712,1.0388696588160444,1
0.8785961475546613,2.4489667829466875,2.7873634431049297,1.3870700961998994,1.065268554276519,1
0.8755274647456707,2.6703739978969026,3.0500173957108374,1.350153891640969,1.116806206535763,1
0.8810497336160167,2.3996969672161517,2.723679351638053,1.410219183309126,1.0116457168351136,1
0.8876936659965834,2.506771096124814,2.823914591426703,1.4028336723586081,1.0474102675881025,1
0.8737864384797943,2.487834018187626,2.8471877207386473,1.3513241690361288,1.0213347994637196,1
0.8809209321741228,2.4504965735405078,2.781744063559319,1.35114238347606,1.0443789685949252,1
0.8771836975067872,2.2798525593515224,2.599059428294815,1.3405997267686445,1.1139567189255433,1
0.8759413049328806,2.3478583185452098,2.68038315503927,1.4401084189214173,1.0763037753521827,1
0.8617604770847073,2.3409728526037963,2.716500599474219,1.386236102734857,1.0536242629329138,1
0.8845451765259135,2.2731876365366865,2.569894333113343,1.4115143843741316,1.0328784589952325,1
0.8768941433332382,2.2526626944530697,2.5689106394191192,1.3600052006926102,1.076756748474523,1
0.8828958656451626,2.303871638092385,2.609448891697852,1.3788873163863107,1.1129761658548405,1
0.8758934561391042,2.286757759054664,2.6107715990191105,1.4873971183123613,1.045203803329466,1
0.8913317715659751,2.392188468887564,2.6838361934352943,1.3730389657241522,1.1368483381117767,1
0.8800431860911195,2.2126286759939533,2.5142273822058296,1.3707447522130503,1.0694029293404654,1
0.8836259322011784,2.250451884917533,2.5468377544234007,1.29808389615056,1.1161024894257234,1
0.8757384637399073,2.3717688982731153,2.708307327446024,1.3915019661164951,1.0289271479574313,1
0.8744940769717755,2.3621120769295496,2.701118439943176,1.341361462992478,1.0247594941295677,1
0.8864292254880513,2.189020719926642,2.4694816652975407,1.374105213017087,1.1085724538008488,1
0.874814116328498,2.331863398647463,2.6655530073452014,1.3453292026732107,1.0251494198166453,1
0.869061787555891,2.366399975365143,2.722936400207281,1.320917061972957,1.0713151365974916,1
0.8797401263390333,2.1872556025384786,2.4862519476525007,1.4089635717199018,0.9964612280673902,1
0.8834190160972852,2.2233973557265636,2.516809481359087,1.3687084027781131,1.0381976992422837,1
0.8859505215454883,2.171089745637437,2.4505767453583065,1.3779206640475792,1.034644982934253,1
0.8779651764348632,2.398425746206306,2.731800543554072,1.3853963661955824,1.1225834209835615,1
0.8854882545476163,2.469712162094642,2.7890964667356135,1.4047853980829694,1.125396392576339,1
0.8656039808420476,2.5116817990293105,2.9016523197894504,1.3752299208714975,1.0454308466511864,1
0.8804005227818814,2.4096480207748416,2.7369906746089363,1.4093834266845204,1.1377847627712527,1
0.8777992985910918,2.4019454845011787,2.7363265023752144,1.3598132206611138,1.116763366740719,1
0.8701388720254114,2.2163124229310713,2.547078971167198,1.3867640513012462,1.107982703371808,1
0.8813966495519121,2.2413310265245343,2.542931185027752,1.4009605827289262,1.103607350199746,1
0.8798951696647472,2.262870950901183,2.5717506231604492,1.326476100842423,1.056905457007621,1
0.8719649301228707,2.438989220906328,2.797118481086899,1.3853989073447857,1.0919293537826213,1
0.8811990811295243,2.370001301119233,2.6895185797077277,1.3944551299581045,1.0633585297176342,1
0.8743406802501135,2.350853221250381,2.688715365019842,1.353341669330591,1.0727905037174392,1
0.8658002897843006,2.20673978223354,2.54878614418495,1.408008064484987,1.0534057394827383,1
0.886075777665208,2.20422138913621,2.487621764071115,1.4084827369344244,1.122213736270962,1
0.8774548517905162,2.1813030933898694,2.485943395194348,1.3317000149737752,1.092561900098889,1
0.87564339405725,2.365037013015399,2.700913441551952,1.3695556996184541,1.0566731746340086,1
0.8693812301740091,2.4148494217994547,2.777664548055766,1.3755840812333195,1.0223151113046434,1
0.883941637879846,2.347990128401639,2.65627279877136,1.387573083392411,1.1112061440978611,1
0.8817714393596592,2.309424147143333,2.619073428847313,1.3752933125083997,1.093255032956792,1
0.8760051746545843,2.208059688805622,2.520601193567466,1.3699436329777979,1.0633617489053668,1
0.8746205037889916,2.2096811224757467,2.5264455988660974,1.482537354590209,1.0920729889937273,1
0.8845283578685459,2.507798276678008,2.835181319365573,1.3856681706939904,1.0509349312962801,1
0.8831041198193347,2.245589285482737,2.5428363825798246,1.4336281830079312,1.085748548536269,1
0.8780215597853929,2.3114544961573924,2.632571456129575,1.429674209047277,1.0286494771631312,1
0.8829484692174582,2.3922917087098967,2.709435252580644,1.4230721526818177,1.104673135626037,1
0.8843211480405212,2.328941951116204,2.633592961422073,1.354463190457348,1.1142263252126774,1
0.8765555080405966,2.205221529309739,2.5157808137435227,1.3599419390823375,1.0979148862605317,1
0.8781740408507425,2.300772023979919,2.619949938113653,1.3978984400141303,1.0694110353211228,1
0.8716946477180729,2.3020499415691305,2.6408903021206447,1.36333798804902,1.0686716366170537,1
0.8824929049798336,2.214387025177078,2.509240598628587,1.3732015773314987,1.0561057428133123,1
0.874827912191221,2.37314752665129,2.712702113844493,1.4085174272482726,1.0731924380275748,1
0.878987802260569,2.2680835497825975,2.5803356360003753,1.3985992844743942,1.1320143660115507,1
0.87585693017872,2.176023514424263,2.484450872564589,1.335259504424812,1.1098753032986521,1
0.8748812570687415,2.2246333679728094,2.5427832062906046,1.4051165985153407,1.1295293776758342,1
0.8714544713026918,2.2775582591555983,2.6135137682534295,1.3552571144325796,1.0547731013732344,1
0.8843615832242016,2.273070237556427,2.570295092725848,1.3403641792659235,1.0170648730991074,1
0.8877978235787589,2.296883205296326,2.587169222872693,1.4234526172130055,1.0943114022491236,1
0.8694885387254214,2.2418667994674966,2.578374181623874,1.360176398744398,1.098437643782089,1
0.869108967768983,2.2122959941343097,2.5454759715727127,1.3864397543056821,1.028448815727076,1
0.8775214117445425,2.287130355223775,2.6063527620105384,1.3471218954474888,1.0489193524096392,1
0.868890333852609,2.2994917984336642,2.6464695357328374,1.381676468041309,0.9948901636621513,1
0.8756908897358612,2.415930600305716,2.7588851598472663,1.3790124524058913,1.1194632936809805,1
0.8731634962419796,2.3357220831961607,2.6750111442460742,1.3794431906841471,1.12224773825523,1
0.8681271778842959,2.1369947961599873,2.4616148999827834,1.3711335252761199,1.043549056758264,1
0.8890453566127833,2.300864144911044,2.58801660432401,1.3985258883232348,1.1451601583494198,1
0.8780570031332454,2.4676377984980693,2.8103389525880296,1.40773146366555,1.0482438843643183,1
0.883036342106578,2.4498389561733003,2.7743353691751196,1.4239989409375715,1.0858659791804959,1
0.8831714102814,2.5288578932472694,2.863382876537538,1.398347447395333,1.071114890688216,1
0.8712131920283894,2.306917756014313,2.6479371262081846,1.3576551205854517,1.0576052726489686,1
0.8701218517264611,2.1408749079840947,2.460431149655943,1.3986340923679372,1.065732772728266,1
0.8823026490062522,2.196914966351792,2.4899788851662215,1.3252964706730035,1.0722905069250634,1
0.8732655331847485,2.2664812098642417,2.595408983563701,1.395075585045351,1.0088367240360234,1
0.885409060927878,2.185607339060829,2.468471845962801,1.4147200472794066,1.0880505304907433,1
0.8807539503928182,2.5934300903200844,2.944556864222305,1.3847869898203637,1.0396817358293713,1
0.878470556567753,2.213699997497419,2.519947858180361,1.3957553872615514,1.0463412642135157,1
0.8752701132575685,2.590678908809129,2.959862183763107,1.3696851980399791,1.1054522145120271,1
0.8809486950745317,2.5142211632540867,2.853992720928401,1.3853592484556685,1.0504246896342013,1
0.8752892242012585,2.1957235590631186,2.508569165885501,1.3763907685166556,1.1280370927156,1
0.8782473731476156,2.264793672708213,2.578765097345241,1.3932325810025263,1.065224731419245,1
0.8804765487566396,2.36483773051736,2.6858611212948866,1.3940651104700057,1.0813097633190452,1
0.868822059834732,2.168627827515317,2.496055208275714,1.3488871335015211,1.1130896022030332,1
0.8683287134577721,2.138299466838008,2.462546076960976,1.376802936672871,1.124543650252651,1
0.8785534765593294,2.1572343689871696,2.4554388851040985,1.3691818878667723,1.0447262758547515,1
0.8708930633393847,2.214451913119877,2.542736882790983,1.336448445618207,1.0503320530322215,1
0.8752974368566622,2.6973908269700875,3.0816848232263356,1.4268490018845927,1.1298406344857115,1
0.8774023233398264,2.332299526124646,2.6581870871355373,1.4440654002816888,1.0806163192853246,1
0.8834388760107008,2.460396077063585,2.78502128882291,1.4316213536572535,1.0099681469616062,1
0.8775374956758207,2.2083029022594163,2.5164769746490765,1.4111273109837037,1.049035576975509,1
0.8741628029638212,2.3697833213634496,2.7109175926140696,1.3752403531024273,1.0835194561892074,1
0.8621320383523364,2.3296177308964183,2.7021588657680176,1.381056169494196,1.0544732514591184,1
0.8777538449802578,2.3915239950440172,2.7245952936814612,1.3595164571941487,1.1176154322087435,1
0.8870188314563237,2.257769864012288,2.545346033190119,1.4173268646191548,1.0426667105570762,1
0.8706871902626633,2.2011074041250653,2.5280117001159157,1.383878845247338,1.056867429090897,1
0.886970673101008,2.5043339996868674,2.8234687748257428,1.418063151630855,1.0582357535684768,1
0.8756483726480627,2.3112709807847587,2.6394966895161422,1.4685905528722927,1.0823266118376695,1
0.8863651718440535,2.5308306413069936,2.8552911618150385,1.3978520589488874,1.0651983349126957,1
0.8799224992738954,2.877572757640967,3.270257051064742,1.4171909072851625,1.0792418586722472,1
0.8744897922006833,2.420653164594766,2.7680748090873766,1.3309189708693518,1.1577623873809495,1
0.8819298388906277,2.3233244462159757,2.6343642586562965,1.3632287483866536,1.0677204561986289,1
0.888231980983963,2.295430705308804,2.5842693738250433,1.4263791953752438,1.0761978780322006,1
0.8752755080003314,2.3573063673478876,2.6932164167753623,1.394405984523674,1.0669747359193227,1
0.8771641958129587,2.1700412719342808,2.4739282363469925,1.4216744780098567,1.0393266442600304,1
0.8708064527517269,2.394568417523512,2.749828518101508,1.3655695987548013,1.1109681915974374,1
0.8753117326008937,2.310892780665658,2.640079750558228,1.3873867667363473,1.0410740407399797,1
0.8713629967774238,2.2082960439401442,2.5343009194871966,1.350601043167967,1.1086481900857506,1
0.8795188538662557,2.6481825213937764,3.010944574698649,1.4279468873910535,1.1605615965107137,1
0.8685853211916753,2.349481652848152,2.7049520588544222,1.380195557668726,1.076733812230397,1
0.8781577878173755,2.181168123777992,2.483799784090276,1.3905925259278267,1.0860124549498533,1
0.8721176271507666,2.226859606179959,2.553393644221105,1.3848354649332388,1.0663486770054245,1
0.8852304624341264,2.2131526713298673,2.5000864353948473,1.3435838032283747,1.0954905095481358,1
0.8885922355755232,2.292226396200724,2.579615603681362,1.4146512511506724,1.1341839200964696,1
0.8800530429290995,2.221248226191998,2.5239935752042513,1.4101818824950476,1.064029608391777,1
0.8637963419822635,2.2120475408744387,2.560843839414938,1.374478338519203,1.0634220553746396,1
0.8845458379484439,2.4289112776222774,2.745941672458412,1.3981636342697237,1.0287163588764505,1
0.8757518958473547,2.4179858477225578,2.7610398095490023,1.430141492903656,1.0981109681068395,1
0.8842063227084236,2.3481193147958352,2.655623754875764,1.3838321160483633,1.0325468818635817,1
0.8718609145900061,2.3580433813462354,2.704609579218388,1.3606682044848726,1.0672442633686927,1
0.87716101922035,2.1904617804393243,2.497217423531064,1.3625517984769857,1.0863718811952476,1
0.8773256445163516,2.4135949827943337,2.751082221157333,1.3936646524865766,1.1067776997535785,1
0.8828229101378658,2.3793651099946924,2.6951782545189267,1.385665342037908,1.0668820893847255,1
0.8794932952064931,2.354173839942858,2.676738814012368,1.425311200960237,1.1495694827937912,1
0.8732220457611949,2.277484469214867,2.608138995425344,1.3627756126394712,1.0204380049159298,1
0.8688816018365458,2.5967879109766954,2.988655652839112,1.3995796177997362,1.1347715321066738,1
0.8680146869219247,2.301256653924112,2.651172484286666,1.3584937159982562,1.1129358752214853,1
0.88883082104991,2.3211712177884767,2.611488218924102,1.397600090331716,1.1291305381823185,1
0.876015120174005,2.2037704648174348,2.5156762869340596,1.414129554812608,1.0541250089993126,1
0.8820991858155892,2.3557815820687393,2.6706538447720964,1.3770066844187012,1.0945085230993192,1
0.8745303272889359,2.356354975037962,2.6944233967765494,1.3206397421447889,1.176734926462287,1
0.880210844025965,2.2947037438317586,2.6069932669042055,1.3725464599784796,1.0329882257538352,1
0.8783440522864806,2.3479011540701973,2.6730996219057976,1.361595310214453,1.0868377766141066,1
0.8820105091583061,2.3674671217983554,2.6841711036500073,1.4376508009864357,1.0436020088283327,1
0.8719941463434184,2.4374399394565094,2.7952480526131533,1.4268222947479967,1.0673398969007653,1
0.880776483194253,2.2653398965430043,2.5719804510759054,1.428006739462457,1.0991739324878642,1
0.8784489533186153,2.457773311445382,2.797855586440596,1.3922864070777954,1.0765597157690172,1
0.8715837613436457,2.2941402328651153,2.6321511880033617,1.3751121052893869,1.1044306297378355,1
0.8779261354278409,2.9693302078646124,3.38220960515951,1.350982593217624,1.0555236253969742,1
0.8779950542103364,2.1588945752946125,2.4588914993790136,1.3472471797972592,1.1405084925172655,1
0.8843281884749371,2.4017527459294503,2.7159065799670805,1.3873334908810055,1.0215923517155956,1
0.8779107917030132,2.0606229227932706,2.3471894209159636,1.4315947094447716,1.0791783126351653,1
0.8719817951030298,2.1967892934352253,2.519306372876353,1.349839989998458,1.0329857266520843,1
0.8729824134224222,2.4357810251671674,2.7901833848152586,1.3802465821526926,1.102793288080651,1
0.8859913549253371,2.6787846780692224,3.0234885060418732,1.387209077299824,1.1081374493054368,1
0.8855435695473362,2.2282103723649764,2.516206371984579,1.4420123636222553,1.028006559468466,1
0.8722267943141432,2.3320393892774893,2.6736617178921205,1.3928107723837853,1.0440978548142776,1
0.8739823843209639,2.2733579235838572,2.6011484491762737,1.3447253651705966,1.1174271433490208,1
0.8777522877730449,2.4879951223275065,2.8345071348544435,1.3524622043684074,1.053216827810511,1
0.8827430173662046,2.414558837955213,2.735290781635871,1.3702133327223454,1.1043925613172756,1
0.8853143731635172,2.3975037556022327,2.7080818162198916,1.3796435511458536,1.0647969947071723,1
0.8720916339789038,2.13918139571731,2.452931908035088,1.3725762514430995,1.0135063267470166,1
0.8778212379226809,2.3108530352180114,2.6324870433603627,1.3758302478144062,1.0963779407577428,1
0.8668657310434653,2.3383203405065967,2.697442356721045,1.41576786907172,1.0801346352726735,1
0.882037525118859,2.1282772961511935,2.4129101489921276,1.3833610159092915,1.062172907830331,1
0.8779007384082205,2.247915543238677,2.560557754302064,1.3754988901200347,1.0561500787315317,1
0.8744365056789508,2.3586564258576037,2.697344416134868,1.3492358668356945,0.9943897136332388,1
0.8847073403200545,2.3722588718704314,2.6814052102384904,1.4143974667652413,1.0613455232330458,1
0.8754882448932138,2.374217605533523,2.71187833689659,1.338533160118526,1.0805948225651623,1
0.8771359578757737,2.2264970850624763,2.538371691493018,1.3635475743254055,1.056905959225192,1
0.8715149480479942,2.575430333337116,2.9551189444375283,1.3881500973202852,1.0738019809181996,1
0.8795484059235817,2.4666991515152064,2.8045064204567747,1.3373611754678592,1.0797258831656273,1
0.8757236475130579,2.326788658685361,2.656989639703279,1.3778463923447126,1.10521655165447,1
0.8750869340470637,2.358818721766456,2.6955250158489905,1.4154203111045534,1.0954748937694017,1
0.857251079706992,2.1976801843431946,2.563636531194992,1.3532623990956416,1.021931237853824,1
0.8796351998224572,2.391190593273203,2.718388934135234,1.361184698262635,1.0696099647548292,1
0.8781617016813831,2.4470266013648767,2.7865330458839725,1.366596129632561,1.078291089597955,1
0.8745443981277604,2.087807656226346,2.387308935596592,1.4302500301096894,1.0753620814520024,1
0.882626187461989,2.335007703316593,2.6455228005764924,1.369570532802158,1.1280956792980512,1
0.8744895895131486,2.221046137713139,2.5398199868218603,1.3760696360629796,1.0641836109529654,1
0.8773429065058426,2.452986659216693,2.7959269300826763,1.3854466181920795,1.1208214875732185,1
0.8674733687281139,2.2674935296335086,2.6139056383461075,1.3614819926886863,1.0682408822401201,1
0.872219299247696,2.1935310785702544,2.514884823647232,1.3478572683191266,1.0530521160437465,1
0.8693243289490249,2.2965861982287925,2.6418059655655384,1.3661017683516608,1.0691942487583979,1
0.8855842609557927,2.3449268471048694,2.6478867686447347,1.386457810829166,1.065293122096539,1
0.887842683211281,2.405094126132559,2.7089192394236536,1.3866444124082982,1.083650069571328,1
0.8966175219815586,2.2418225143352792,2.500310845343248,1.3739372956873699,1.1115869653077446,1
0.8842805690920902,2.2746988458232957,2.572372305046551,1.3550153412611472,1.1036972239817642,1
0.8607939705906965,2.350445153738751,2.730554852894499,1.370780633898329,1.07640467220728,1
0.8605059797587603,2.45473836682772,2.8526685747330855,1.3618879169996048,1.0745689456727403,1
0.8763115712551466,2.1954352082557156,2.505313498384119,1.3216787148422668,1.110593140019728,1
0.8717915667473832,2.255668353026353,2.587394096322994,1.3797644828527527,1.0474851442829525,1
0.8686553030953468,2.322126663931999,2.6732429487938254,1.4565026003201897,1.058227244177769,1
0.8744584944396825,2.3295202347360418,2.6639574657327834,1.38867217705705,1.0624849372112386,1
0.8862164855777425,2.265554536684911,2.5564346562656755,1.3666850940955322,1.0777497901598905,1
0.8719042780839542,2.555621530642656,2.931080389075209,1.3690621247182233,1.0584417960166128,1
0.8824103546620211,2.340949692648422,2.6529036975603573,1.3689413109114072,1.1453578921817142,1
0.8835582598693812,2.2768352251381927,2.5768931473458054,1.3721612199529594,1.055261383516098,1
0.8677227039958136,2.113301561000857,2.4354572621751442,1.382345879146382,1.0426019160985307,1
0.8805103378982276,2.4105827161061772,2.7377108619306187,1.4329489304442167,1.1276885720044323,1
0.8791779106992265,2.1885973394051375,2.489367979757937,1.391094097716201,1.0309887768034691,1
0.8739096561123351,2.255915524754733,2.581405879859909,1.3957862365175802,1.0601485368977508,1
0.8738736980177169,2.408050592980273,2.755604841343391,1.4127669431232404,1.114237837917881,1
0.8694642148200707,2.2381464403720446,2.574167403583381,1.3876853867209336,1.1098217907060508,1
0.8665376432871139,2.4010150180109626,2.7708144436783844,1.4197691746843977,0.9827587890130695,1
0.8758497983983023,2.438949277213905,2.784666139872497,1.3908949749830626,1.086506643614096,1
0.8776249632056795,2.364184234377985,2.6938434223000973,1.3900726389746565,1.1220652758106602,1
0.8792945712638781,2.381591034776949,2.7085246658053443,1.3921686216198736,1.0860353369842044,1
0.8794613225748376,2.3813844685673518,2.707776234656082,1.381174412654365,1.1112346109350117,1
0.8732133375112312,2.2963418094190486,2.6297603469547477,1.3778848780182984,1.068580008437541,1
0.8740932428174052,2.636764329827063,3.016571002571945,1.4162472655637515,1.0418862640836606,1
0.8777283247216121,2.3455237814640815,2.6722662530094468,1.395997915254242,1.0905788984466445,1
0.8849206601211003,2.421846463827101,2.736795029167558,1.3963985130607521,1.0404947006960736,1
0.8649859220388847,2.315523178008325,2.676948975713194,1.3605712088471178,1.055182551713708,1
0.8830593873207719,2.4370512919051635,2.759781875258977,1.3710090477125052,1.0499885392595378,1
0.869299763121495,2.303395011623745,2.6497131476864535,1.4064908131093112,1.0801008262955138,1
0.8748280381276619,2.314792813264717,2.645997513087165,1.4147798789151014,1.0581685923003694,1
0.8701978527795471,2.4401876122987365,2.804175630294189,1.30366466463653,1.0954092158545816,1
0.8798791129307544,2.5158719787834234,2.8593382225012767,1.39014633386554,1.062324271066215,1
0.8828997643484751,2.321796718650066,2.6297398780748424,1.3943293710242335,1.102629081720976,1
0.8784570222252626,2.4449395730204975,2.783220477681539,1.3526081953489857,1.0413268297092395,1
0.8856927952665358,2.3437412118105243,2.646223639095101,1.383379467714054,1.1415033476389675,1
0.8731820464830954,2.1993485411725837,2.5187743495538792,1.3717944142134086,1.0956760465370858,1
0.884520355354953,2.4401509205216607,2.7587278300027838,1.3746608253672328,1.0726702917253996,1
0.8697587344637209,2.2526168081965405,2.589932953746613,1.3727191473614306,1.1151666823534978,1
0.8783957327391801,2.5070169639473017,2.854086000770343,1.3606652176066871,1.0112057209096499,1
0.8805066104413135,2.2073998951840794,2.506965727466511,1.338319481326474,1.108733139331472,1
0.8762538186294454,2.1020790483308485,2.3989385308685156,1.395473402650641,1.1200559435455992,1
0.8664993558766982,2.5235783492831896,2.912383410521879,1.396565877759717,1.0799481961252957,1
0.8686536247290839,2.3008187799889384,2.648718332012393,1.3653905711339855,1.0959912162426626,1
0.8770359757585442,2.3599527634194857,2.690827775198587,1.3981031418155603,1.0582805229049554,1
0.8862104009476127,2.3540705749056023,2.6563337243485594,1.4295793357638646,1.0643491030182999,1
0.8791971099750074,2.278331136642241,2.5913769629054015,1.4088345441273638,1.1304127658649095,1
0.8824972002941122,2.331392603414206,2.641813030837057,1.3883319960390372,1.0869272090349316,1
0.8680214189239198,2.1831151949237935,2.5150476098045904,1.3886950225927799,0.9994785534838782,1
0.8838489445920643,2.2927268450489597,2.594025663635493,1.4601670251053842,1.0915814025126676,1
0.86984461580134,2.1976470463402435,2.526482323875365,1.3814354249836955,1.0891685014079078,1
0.8781781518182584,2.3433844181344763,2.6684613062651628,1.3627916237889144,1.0468173589906278,1
0.879382606307253,2.4600669227654324,2.79749326984743,1.3805397973291167,1.036803552673588,1
0.8870783095644793,2.213332591293454,2.4950814008518747,1.4116877660367377,1.0591604400964834,1
0.8833621204157008,2.543042988100345,2.878822771915572,1.3833377101049007,1.0715035280002865,1
0.868224068532673,2.2991369120314853,2.64809165670459,1.4024761796776024,1.0805257837071567,1
0.8713974319786817,2.2819457862981674,2.6187198889449954,1.3535931005995578,1.0593060390817124,1
0.8770186880344747,2.263051047605755,2.58039090669502,1.4037806963141137,1.0475837160444146,1
0.8730510695996414,2.3256930314968347,2.6638682575159516,1.398354743288521,1.0923241673470878,1
0.8771951827334784,2.6382138053709028,3.0075561942210087,1.3633879199433472,1.0529955287903796,1
0.8815315446952587,2.244014334079032,2.545585972030958,1.423708571403867,1.0859969536966707,1
0.8753457222077153,2.6177449370514676,2.9905269091270994,1.3678547651394004,1.1092224476091257,1
0.885924428439672,2.2114310269643043,2.4961847263419195,1.3624690776035815,1.0952424246867223,1
0.8787584824019324,2.438068137424375,2.774446205924912,1.3535880517879597,1.0455371631770953,1
0.8738755080384808,2.2904516441237743,2.621027392408525,1.338598284633975,1.0923677585289584,1
0.8600142197109765,2.2820818524621806,2.6535396742964505,1.3659512942050176,1.036215594880807,1
0.8747412170015466,2.2459382218391664,2.567545896074079,1.4617336708037052,1.0577774662187354,1
0.8785664493656546,2.292244581128087,2.609073659463255,1.366861972161247,1.1248097660763035,1
0.876707889291285,2.2878574363789412,2.6096006028055756,1.3812526790502913,1.0881127910498516,1
0.8668649570547109,2.1908653879256024,2.5273433538822,1.3226050449387725,1.0700913037057356,1
0.8712190395812023,2.2437426249564054,2.575405865825636,1.4097521620733247,1.056503281705931,1
0.8898532624691129,2.4746977173081355,2.781017749422516,1.4039894248884939,1.1060713536636224,1
0.8734229222056004,2.200530777482233,2.519433279728187,1.358028130879738,1.0923097977969012,1
0.8861304738505001,2.417967164660683,2.728680748506365,1.4528794586279306,1.1062411058949144,1
0.8770416207914189,2.2373765017309255,2.551049401409225,1.422465663696476,1.0647082390253861,1
0.8805758673616452,2.3026929127825615,2.614985259227942,1.3348519518701423,1.090368956515177,1
0.8770242492767898,2.3392336886051934,2.66723946405606,1.4078689528700472,1.0963838867065527,1
0.8740362904297513,2.4189106103797835,2.767517363827581,1.390745880718571,1.068787714142308,1
0.8772953149206993,2.3890862202379375,2.723240600519897,1.3919147661933327,1.0785294954474138,1
0.8908914354122517,2.2897680857977623,2.57019878604871,1.4678793126909404,1.0985696452635012,1
0.8726822732717278,2.319383164670501,2.657763582128261,1.3879323528012142,1.0604064635624282,1
0.8769081871578909,2.2786432345836314,2.598496932693539,1.355179600067574,1.058010453861408,1
0.860695094207205,2.2531018770424827,2.617770093273086,1.3334922289889226,1.104335841397514,1
0.8727156542020628,2.2009140360403117,2.521914240271811,1.3835535686400182,1.0328858417056457,1
0.8664624699383139,2.565375056470889,2.9607457281485323,1.3365999537187865,1.0768297118437749,1
0.8679214469729348,2.329567523652331,2.684076458505785,1.3548830131204102,1.0402675949886788,1
0.8760948449883392,2.4019622056523002,2.741669146203309,1.3938245790231223,1.1170451002738668,1
0.8808847023595492,2.3966133127723306,2.720688991820077,1.3393313343086477,1.054053223301282,1
0.8867612585414403,2.331584073371036,2.6293255945868275,1.4341260750975686,1.0698693863014443,1
0.879851746628743,2.2048197348969687,2.5058991396505137,1.3752361294828321,1.0210533923869796,1
0.8638213847915946,2.4386375191570773,2.8230807457324323,1.394292894356854,1.0677254358848638,1
0.8832007382943581,2.486384533713737,2.815197526346565,1.3905190302838566,1.1178826858160096,1
0.8753594017582471,2.2127521501069234,2.5278213104953107,1.372332021923141,1.0287883354795977,1
0.8666945353472988,2.37423275091751,2.73941123900835,1.3350327729566747,1.049185251044578,1
0.8872990621185789,2.3148049359532816,2.608821574122131,1.425304933501697,1.0835489032213734,1
0.8747519005773359,2.208801826943329,2.525060906395883,1.3525770663633974,1.093106833552986,1
0.8668224734017747,2.268747393381846,2.617314920872241,1.3707238734645184,1.0888202856117801,1
0.8837243303805701,2.2170556270002586,2.508763820099304,1.381015993573421,1.073568189033317,1
0.8839016156151638,2.3700346167442987,2.6813330520895584,1.3174387010495254,1.047595998219327,1
0.8801257336986051,2.438362812736435,2.7704709899681683,1.3719301145360898,1.0960587579798236,1
0.8642655401584355,2.3349611820783256,2.7016710415762786,1.31899757559001,1.0968270533543953,1
0.8780522573834282,2.2151651494460225,2.5228169859128364,1.4938568028703585,1.0395139380430438,1
0.881550526385641,2.567591198261627,2.91258540652089,1.362851895292288,1.097662945242424,1
0.8836856446186174,2.468672247537909,2.793609087769376,1.41711427957888,1.0418541617448083,1
0.8917708345706856,2.253794900074312,2.5273251969036745,1.4153830575078115,1.1691336245628476,1
0.8801608011495634,2.3959319285501732,2.7221525037480494,1.392815542516663,1.0714227272431485,1
0.8814758045205225,2.3675359520297627,2.685877411368745,1.4132146411447348,1.0873201176943565,1
0.8755930976463716,2.370975227167263,2.7078505227377154,1.4072464514224459,1.1278739104088933,1
0.8833479882822185,2.3919369675925206,2.7078082469446083,1.4487416885477395,1.0851582563166517,1
0.8836197927718447,2.2925683981944562,2.5945190645886873,1.4381900771081624,0.9896162788262518,1
0.8838414579249606,2.2459452552754846,2.5411177933974765,1.459761401748662,1.1222275921514824,1
0.8763088035554092,2.1745525983151657,2.481491215759158,1.3742851107257696,1.094390745383548,1
0.8790721298685971,2.285412003394082,2.59980031870161,1.3500705262425103,0.9583109423483777,1
0.8845903700076521,2.598788402622317,2.9378438774998608,1.4439272388536424,1.1276979675307366,1
0.8873320180160031,2.2768887922885304,2.5659941781199946,1.4495622151565866,1.1469111094853863,1
0.866116480760638,2.268194334139821,2.6188098073689288,1.3921712153321433,1.0805413449097498,1
0.8752928763537078,2.2367181275351347,2.5553939577948444,1.3991989470774144,1.0304307481164428,1
0.8788472680261757,2.1921102233485565,2.4943016871086936,1.3701039361652698,1.0562741531701096,1
0.8749520447844497,2.1834713123901865,2.495532555647778,1.406742029130462,1.0754360220152126,1
0.8588274373817405,2.3633039755727614,2.751779778691788,1.310490506267812,1.0924807237620875,1
0.8697639697552633,2.0795791259526477,2.3909695023786806,1.3638473168590073,1.0920609078919372,1
0.8689511244042508,2.315118293658817,2.664267561936872,1.3432877578595344,1.1234286041276744,1
0.8725836854608792,2.284901898885867,2.6185475811171433,1.3728595808715542,1.083221502310112,1
0.8808842951561635,2.3345082134891157,2.6501871202905862,1.4129164183959095,1.0581524276346206,1
0.8757395432124847,2.2753869199905017,2.598246176761273,1.3951959172762416,1.0220717418030407,1
0.883678491922225,2.3738947821221066,2.6863783647809316,1.3907830092511524,1.0838760472720415,1
0.87533513853901,2.2681585642233726,2.5911887508698364,1.3756121647276955,1.0348691903503495,1
0.8730777220864224,2.181604322433062,2.4987515627126653,1.3444518774869236,1.0303093389783657,1
0.8692199938900894,2.502550236108533,2.879075784840925,1.3788913335776214,0.9921622054053406,1
0.8711534133093806,2.260411325793155,2.594733936937919,1.3744869824474488,1.0830370038762072,1
0.8725976051782294,2.2061495757167426,2.5282553637837837,1.3513490890159179,1.0585804181833716,1
0.8901652463936487,2.2126989492165423,2.4857170712751495,1.4467647546695312,1.1138402359505246,1
0.878351898054222,2.3605942197750274,2.687526747542025,1.4157399247012699,1.0716899287992223,1
0.8749414700519702,2.400665700241481,2.7438014797708523,1.3799528819898994,1.0688841203485535,1
0.8836481904460597,2.385598347694242,2.6997150828657364,1.4051045723892577,1.0383813879172954,1
0.8645176907884551,2.239040884252053,2.5899306724539195,1.3881462477783444,1.0317170050594833,1
0.8706080757716853,2.3044952871785034,2.6469950731112344,1.377174446946969,1.0944793740817143,1
0.8863976860094729,2.280847401635972,2.573164887088386,1.3590404641000304,1.1004576322300401,1
0.8816420162977158,2.3485956833347568,2.663888108687501,1.4076099355024414,1.0598440909797098,1
0.8802159257548628,2.1440501035865354,2.435822893965277,1.40753249348929,1.0688270692126458,1
0.8741925771210544,2.369836261613674,2.710885820396882,1.3341340166140645,1.102733719686061,1
0.8752924171698306,2.280314477097546,2.605203052564664,1.3702703402241634,1.024009020848718,1
0.873529934483588,2.19257490235534,2.510016904745849,1.3875131081820122,1.0678252212843888,1
0.8720714185670527,2.2825999639236727,2.61744613494424,1.3526866152890438,1.1187967035048143,1
0.8863887448269914,2.41798505882387,2.7279058685428383,1.4009142948345232,1.1090120013462006,1
0.874497200028965,2.2865386502080245,2.6146895040170395,1.4141223503073785,1.0217289000996972,1
0.8741517640947086,2.1765520826192124,2.4899018362941807,1.393005158510983,1.0082319557303863,1
0.8867759357217192,2.5016662128208296,2.821080401538864,1.3647875423204532,1.1093087730776614,1
0.8780772499544253,2.201565902082236,2.507257649821247,1.394367168204656,1.0285423003110128,1
0.8783815610898823,2.1796240865083707,2.481409199669363,1.3708079224005734,0.9871938309880328,1
0.8736422854864053,2.2130353311368927,2.533113801725809,1.3740921640000423,1.05030792045557,1
0.8763306959669435,2.4884504801850222,2.8396249174397177,1.354572725178004,1.0573825829861678,1
0.8696155113767257,2.1773237100462786,2.503777452864501,1.3877579045755075,1.0603138082427992,1
0.886920626269148,2.5222843768500143,2.843867085897034,1.3936730096671004,1.1320299040114497,1
0.8761677102538448,2.1761484731609664,2.4837122478874383,1.3328742008377295,1.1165127578701053,1
0.884308904523236,2.225346999212603,2.516481500785487,1.3761581189546523,1.1113976804909167,1
0.8712301933335828,2.2812611850623745,2.618436783433318,1.3048440758175617,1.1072058853248903,1
0.886265744187977,2.406747740154874,2.715605060827447,1.4052433756907077,1.1385263399454815,1
0.8735562677777949,2.4151922711818234,2.764781571913776,1.3701266079451118,1.0486885265139212,1
0.8724038395353713,2.4216527199105053,2.775839135692296,1.3683651970476909,1.0505309892314396,1
0.8779156375999979,2.3289278857766202,2.6527923481843056,1.386904987948367,1.075330386757596,1
0.8757051532136831,2.348457876527784,2.6817906322800074,1.3628787929515411,1.009530795866053,1
0.8770564976739429,2.098027852830829,2.3921239491355983,1.3719882920094275,1.0693858205568045,1
0.8833047893000289,2.398303504659859,2.715148308615404,1.3773454675478705,1.0971926074963883,1
0.8771867371257119,2.3366626678244358,2.6638144068171914,1.3764223562707292,1.11563723068641,1
0.8746419635041389,2.2461234809228046,2.5680490699577274,1.4072773869837123,1.0496106727349002,1
0.8802203912735501,2.180066351947734,2.4767278440272182,1.3657553816237287,1.1135000134234216,1
0.876979229949661,2.3936230542491495,2.7293953750609856,1.3778858792735298,1.0882648968526745,1
0.877343097830467,2.2838752116318384,2.6031722564177073,1.3637672146819617,1.017348362372674,1
0.8850802810233771,2.4405743899523404,2.75746103746704,1.3754967486030694,1.122831504031463,1
0.8819858001663089,2.384008606092369,2.7030011204747693,1.4310831369835102,1.0322608766866601,1
0.8809469231402153,2.28472982597787,2.59349316736784,1.4488622363792145,1.1433926425815162,1
0.8777044509778649,2.579355002929169,2.9387511935885335,1.4052436699291986,0.9982511267392212,1
0.887855099766622,2.762180158929183,3.1110708939501936,1.3816825901878391,1.1231251733391188,1
0.8698322772072047,2.274954397908923,2.61539432086055,1.4527096056096076,1.0530242550064446,1
0.8753323858872383,2.2947591806102428,2.6215860598877208,1.3903431492990894,1.108393193208988,1
0.8776566679479538,2.2196722297034848,2.5290894614784767,1.40171481747006,1.017955915951563,1
0.8826074707048994,2.23108571230654,2.5278346109224197,1.4051816886721633,1.1272085757624886,1
0.8703082445956425,2.1443945664374855,2.463948353647737,1.354174860966946,1.1351649079938628,1
0.8735075219684779,2.3232434570863707,2.6596719531972264,1.3915927182641605,1.0735761976677383,1
0.8789217068136919,2.2731477942534823,2.586291562298767,1.3441292130261138,1.0610915253486093,1
0.8804216506079352,2.329699844513414,2.6461183035477895,1.3780813862570758,0.996517554860654,1
0.8832907594601962,2.4771502326398167,2.8044561840018263,1.33976315133279,1.1420829582387408,1
0.8716695339560517,2.278569764503633,2.6140293720745262,1.4555427275354087,1.156457185108146,1
0.8736323734112746,2.4506684493582016,2.8051483941569955,1.409709540791011,0.9922889574266669,1
0.8787141929769411,2.3385467726184235,2.66132809883929,1.404447797193291,1.100008860054508,1
0.882717095587225,2.3163023783673067,2.6240597241706225,1.439187779699909,1.0685414442061365,1
0.8794217470809409,2.24314403222264,2.5507033908000274,1.3315859338761222,1.0650171658212373,1
0.8713881366649823,2.361584402214417,2.710140639798912,1.366965276731491,1.0705655480387113,1
0.876192556930496,2.4035942316063426,2.7432260324450666,1.3862407713822578,1.0953939794415175,1
0.8782275996718981,2.3061676806181275,2.6259339623119353,1.353122176465591,1.0738680877375888,1
0.8735550256764285,2.2494335471682083,2.575033605268749,1.361853545076539,1.1103932184787664,1
0.87805805250514,2.22895014116735,2.5384997436195165,1.4130733521845997,1.1181580315166497,1
0.8855200218438547,2.301198862283352,2.5986977205684534,1.4167767867059005,1.1114952557966236,1
0.8696447088934657,2.305990165712739,2.651646289720864,1.357700391812331,1.058100810839603,1
0.885661901105553,2.440417997750703,2.7554736121135854,1.3489109760262128,1.1029636748865808,1
0.8852037620140708,2.497064334126301,2.8208921395056255,1.3694530127011897,1.1439439538271048,1
0.880962994097888,2.2972579117977068,2.6076667546633034,1.3978982496200636,1.0469321158872829,1
0.8819772126344566,2.3664551988071754,2.6831251022218576,1.438543154422336,1.0816515065989523,1
0.8798093533379018,2.3674040377292185,2.6908148097625273,1.3212089049869928,1.098044303655775,1
0.8702446301572019,2.408655681556438,2.7677914899875176,1.3750401515160506,1.104215133428555,1
0.8760717335309659,2.4325429403904737,2.776648129698494,1.3231865273736179,1.0915846033546088,1
0.8719250535637778,2.45131507428183,2.8113827722493885,1.4170311289860633,1.1437568541304586,1
0.8788705751401166,2.4260472993196998,2.7604147504118224,1.3968342440390966,1.010634068705552,1
0.8714564460318133,2.35054842746676,2.6972643764011486,1.377346863678089,0.9914654516359627,1
0.870327468829684,2.2651836368520235,2.602679701581729,1.3834694936721936,1.0851051905437152,1
0.8682875827555029,2.2675965843461565,2.611573203834102,1.4334677750468139,1.0740280736665666,1
0.8744427715593733,2.323241882347263,2.6568255326809784,1.330234883836987,1.0542782672311204,1
0.8770866398017184,2.4225132778038088,2.761999975682519,1.4000595333953914,1.117045578466667,1
0.8691243739130623,2.6115317053894933,3.0047847969463604,1.3505173627146245,0.9977843285783271,1
0.8791283662752887,2.4970828153353093,2.840407511720964,1.3729177792463927,1.1034109527902418,1
0.8763203270592921,2.330396251239996,2.6592972675416675,1.3912547014648113,1.0944395431781186,1
0.8800279560313798,2.3249440788717095,2.6418979794191984,1.379821926507578,1.0715462346417681,1
0.878900217313091,2.1744623814465416,2.474071957900008,1.3598603279168742,1.0586704573553654,1
0.8775531488452719,2.388509854807512,2.7217836981730756,1.4765551085040032,1.016114091932061,1
0.8760383274505632,2.2645081801493014,2.584941901730998,1.3551675285060325,1.12495690740745,1
0.8794993720697948,2.1792465106465153,2.4778261131874646,1.3642043534549488,1.0759716343723438,1
0.8722483808822634,2.755433097409912,3.1590005298981945,1.4153115658500597,1.0901651823133163,1
0.8872097180430266,2.4491918628373823,2.760555720962701,1.4270922624667457,1.1128033007637546,1
0.872726977439674,2.4844946681309032,2.846817770455183,1.3712216836726794,1.01036230321634,1
0.8819347971206266,2.380303312237584,2.698956113319132,1.3964407919691437,1.071497621725056,1
0.8795435489611791,2.2651849446705064,2.575409651228635,1.3803503658898941,1.1039366292705375,1
0.8720348329877888,2.329364115350152,2.6711824198228675,1.347056796819501,1.0547782077650314,1
0.8796691061543728,2.216325935044327,2.519499570393444,1.37943370407528,1.0368557217583163,1
0.8626203969535318,2.366818641130114,2.743754552395092,1.3517120438060244,1.0403493070849799,1
0.8792964577790005,2.377353047626583,2.7036991069331697,1.35890250039538,1.1142712897643514,1
0.8693146231142216,2.606600375595343,2.998454536813716,1.3793179740764305,1.0565571381205894,1
0.8693420789274776,2.7247368965258403,3.1342517089330304,1.3236169225492995,1.0923257333353154,1
0.8792575723935808,2.709551869687738,3.081636092495164,1.3793908133290818,1.1661076203100929,1
0.8710109674492885,2.208347650884132,2.535384436491272,1.4272991399742754,1.0692937980372792,1
0.8720343403320855,2.245943213170537,2.575521523974897,1.4107408165578892,1.0368221403686884,1
0.8833517891277433,2.1884937233294197,2.4774883011109603,1.3980043583760198,1.109760586551254,1
0.8856162119422197,2.3418125657162325,2.644274725482351,1.434252472081428,1.0259222827223835,1
0.8840021254718523,2.1481659916062443,2.4300461839496386,1.353068277480736,1.04868196897086,1
0.8843632045226328,2.3874536527444787,2.699630243021241,1.3446250455365958,1.0518240541454624,1
0.8741351269163831,2.2105681658857383,2.528863213269765,1.4004803241915085,1.0751109201872933,1
