rms,peak,crest_factor,energy_50hz,energy_100hz,energy_150hz,label
0.29114168882369995,0.5025081634521484,1.7259918451309204,0.08494077622890472,0.08901192247867584,0.03631431981921196,0
0.30718037486076355,0.5594358444213867,1.8211965560913086,0.1144697517156601,0.06142374500632286,0.07223242521286011,0
0.33387258648872375,0.5482578277587891,1.642116904258728,0.296804815530777,0.08836304396390915,0.04853979870676994,0
0.33592817187309265,0.5632638931274414,1.6767390966415405,0.10411485284566879,0.16005739569664001,0.07802729308605194,0
0.3377777338027954,0.5769977569580078,1.7082172632217407,0.31317228078842163,0.19433124363422394,0.03980434685945511,0
0.3620541989803314,0.9270248413085938,2.5604586601257324,0.3412091135978699,0.42850786447525024,0.06403429061174393,0
0.35677704215049744,0.6112527847290039,1.713262677192688,0.29795002937316895,0.16194212436676025,0.041877903044223785,0
0.36006271839141846,0.5904855728149414,1.6399519443511963,0.35539495944976807,0.6786629557609558,0.06921689212322235,0
0.3724171817302704,0.9456391334533691,2.5391931533813477,0.09116849303245544,0.6543143391609192,0.07274028658866882,0
0.36500057578086853,0.9337778091430664,2.558291435241699,0.10121487081050873,0.8661049008369446,0.05804953724145889,0
0.3614112436771393,0.600224494934082,1.6607798337936401,0.21430103480815887,0.6885778903961182,0.07261427491903305,0
0.36074596643447876,0.5853729248046875,1.622673511505127,0.3337993621826172,0.28514841198921204,0.05187187343835831,0
0.366505891084671,0.5977096557617188,1.630832314491272,0.15421336889266968,0.09849563241004944,0.08488957583904266,0
0.36426010727882385,0.933497428894043,2.5627222061157227,0.13378576934337616,0.07796938717365265,0.09903194010257721,0
0.3764004707336426,0.6186141967773438,1.6435000896453857,0.0842234194278717,0.13453739881515503,0.0464775487780571,0
0.3937130570411682,0.9244165420532227,2.347944736480713,0.10740596801042557,0.19057144224643707,0.0744873657822609,0
0.3905893564224243,0.6459999084472656,1.6539106369018555,0.053703464567661285,0.10463700443506241,0.11321616172790527,0
0.3958812952041626,0.9271955490112305,2.342104911804199,0.10061095654964447,0.12371858954429626,0.12947097420692444,0
0.3841056525707245,0.6363868713378906,1.6568015813827515,0.07290206849575043,0.18161162734031677,0.12847602367401123,0
0.3894689679145813,0.6629905700683594,1.7022937536239624,0.0987154021859169,0.03447459265589714,0.08934950083494186,0
0.4017478823661804,0.9467134475708008,2.3564865589141846,0.19596433639526367,0.8226246237754822,0.08487804979085922,0
0.39930838346481323,0.6474857330322266,1.6215180158615112,0.09052285552024841,0.12979437410831451,0.11640424281358719,0
0.4038248360157013,0.9262895584106445,2.293790578842163,0.0908317118883133,0.12807747721672058,0.06446857750415802,0
0.4188093841075897,0.6489276885986328,1.549458384513855,0.22077295184135437,0.10903733968734741,0.08439068496227264,0
0.41136568784713745,0.6722040176391602,1.6340789794921875,0.12834732234477997,0.0842723622918129,0.11582896113395691,0
0.41913852095603943,0.9499845504760742,2.266516923904419,0.1462152749300003,0.11086281388998032,0.06808535754680634,0
0.4035801887512207,0.6142215728759766,1.5219318866729736,0.09986010938882828,0.10903963446617126,0.07713024318218231,0
0.4260149300098419,0.9817214012145996,2.304429531097412,0.12519146502017975,0.10852473974227905,0.13784174621105194,0
0.4079435169696808,0.6431093215942383,1.5764665603637695,0.07246831804513931,0.123867928981781,0.1113278791308403,0
0.4081026017665863,0.6536569595336914,1.601697564125061,0.06958421319723129,0.11571037769317627,0.08041489124298096,0
0.43293434381484985,0.9394464492797852,2.1699512004852295,0.11328255385160446,0.26274994015693665,0.05485829710960388,0
0.4349256455898285,0.6718759536743164,1.5448064804077148,0.07436787337064743,0.09339138865470886,0.07179328054189682,0
0.46986526250839233,0.7438011169433594,1.5830093622207642,0.14391584694385529,0.7275635600090027,0.11302001029253006,0
0.4637516140937805,0.7315120697021484,1.5773789882659912,0.24178744852542877,0.8660423755645752,0.06632181257009506,0
0.48134753108024597,0.7961587905883789,1.6540206670761108,0.21365757286548615,0.209714874625206,0.106112539768219,0
0.47747671604156494,0.7890958786010742,1.6526373624801636,0.18469521403312683,0.12634514272212982,0.06568360328674316,0
0.5010291934013367,0.9235515594482422,1.843308925628662,0.08971311897039413,0.16456374526023865,0.07593758404254913,0
0.5648238062858582,0.9158134460449219,1.6214144229888916,0.16370192170143127,0.1736031323671341,0.11772443354129791,0
0.5231571197509766,0.8475276231765747,1.6200250387191772,0.14413857460021973,0.16597329080104828,0.08218742907047272,0
0.5148810744285583,0.8865385055541992,1.7218315601348877,0.1303967833518982,0.07563082873821259,0.08072823286056519,0
0.5481707453727722,0.9278786182403564,1.6926817893981934,0.14128759503364563,0.13247758150100708,0.12084339559078217,0
0.5929187536239624,0.9551916122436523,1.6109991073608398,0.09907026588916779,0.11781135201454163,0.15410402417182922,0
0.6436368227005005,1.0249414443969727,1.5924220085144043,0.16880673170089722,0.17441996932029724,0.12309663742780685,0
0.6575039029121399,0.9799633026123047,1.4904296398162842,0.20683491230010986,0.16130731999874115,0.169290691614151,0
0.6527318954467773,1.0201759338378906,1.5629326105117798,0.20908835530281067,0.209403857588768,0.16781015694141388,0
0.613337516784668,1.064277172088623,1.7352226972579956,0.11511050164699554,0.1118384376168251,0.08421328663825989,0
0.5838181376457214,1.0216169357299805,1.7498890161514282,0.2226649820804596,0.28957220911979675,0.1534583568572998,0
0.5908482074737549,0.9896926879882812,1.675037145614624,0.14053303003311157,0.19767865538597107,0.08927474915981293,0
0.632134199142456,1.0212011337280273,1.6154814958572388,0.22759383916854858,0.09844718873500824,0.10137666016817093,0
0.6827616691589355,1.07927405834198,1.5807478427886963,1.1626663208007812,0.24079585075378418,0.22157931327819824,0
0.58186936378479,1.110283613204956,1.9081320762634277,0.1978709101676941,0.20339001715183258,0.13110201060771942,0
0.7154653072357178,1.1317729949951172,1.5818698406219482,0.5329906344413757,0.5606160163879395,0.16814520955085754,0
0.6610231399536133,1.1635644435882568,1.7602477073669434,0.15110193192958832,0.19759055972099304,0.1842576414346695,0
0.6539331078529358,0.9853286743164062,1.5067728757858276,0.17747029662132263,0.13823768496513367,0.15405571460723877,0
0.6137717366218567,1.1965937614440918,1.949574589729309,0.11988742649555206,0.1358645260334015,0.16027379035949707,0
0.6610351204872131,1.0182924270629883,1.5404512882232666,0.2614164352416992,0.14995498955249786,0.18093685805797577,0
0.7632595300674438,1.188276767730713,1.55684494972229,0.16065797209739685,0.12033499777317047,0.1590633988380432,0
0.6404661536216736,1.9148290157318115,2.9897427558898926,0.17858292162418365,0.0999639481306076,0.19174107909202576,0
0.651797890663147,1.1773509979248047,1.8063130378723145,0.3287639617919922,0.21829286217689514,0.159324511885643,0
0.631687581539154,1.347383737564087,2.132990598678589,0.22534503042697906,0.3200555443763733,0.22609809041023254,0
0.7406147122383118,1.2434873580932617,1.678993582725525,0.21748065948486328,0.2020581066608429,0.18317687511444092,0
0.6998720765113831,1.2547614574432373,1.7928440570831299,0.4376623332500458,0.28772616386413574,0.17795853316783905,0
0.7287282347679138,1.3164348602294922,1.8064825534820557,0.16202691197395325,0.13169452548027039,0.2220667451620102,0
0.7234920263290405,1.1917684078216553,1.6472446918487549,0.23068691790103912,0.11681653559207916,0.23333828151226044,0
0.6904292106628418,1.1284570693969727,1.6344283819198608,0.7740957736968994,0.15157483518123627,0.17838054895401,0
0.6725543141365051,1.0929806232452393,1.6251187324523926,0.22818230092525482,0.13378746807575226,0.13404978811740875,0
0.7106335759162903,1.1122033596038818,1.5650869607925415,0.16992110013961792,0.22535841166973114,0.24553745985031128,0
0.7111180424690247,1.140324592590332,1.6035658121109009,0.248515784740448,0.13569305837154388,0.19950304925441742,0
0.679506778717041,1.141266107559204,1.6795507669448853,0.40644311904907227,0.27045679092407227,0.20661750435829163,0
0.7414198517799377,1.1542210578918457,1.556771159172058,0.5154741406440735,0.08834342658519745,0.21707752346992493,0
0.7070776224136353,1.2231101989746094,1.729810357093811,1.1774097681045532,0.18481460213661194,0.2188384234905243,0
0.6658132076263428,1.1868979930877686,1.782629132270813,0.18903984129428864,0.1257818639278412,0.19718191027641296,0
0.7470406889915466,1.2702858448028564,1.7004239559173584,1.6104130744934082,0.39162424206733704,0.1621473729610443,0
0.7531271576881409,1.1786205768585205,1.5649689435958862,1.1468983888626099,0.3018128275871277,0.16068243980407715,0
0.7295518517494202,1.2138943672180176,1.6638904809951782,0.4021470844745636,0.5518621206283569,0.21422603726387024,0
0.7857570648193359,1.1725971698760986,1.4923151731491089,0.40750089287757874,0.5661133527755737,0.27497270703315735,0
0.775693416595459,1.2131502628326416,1.5639559030532837,0.1563340425491333,0.3103812336921692,0.12316881120204926,0
0.7442386746406555,1.2403802871704102,1.6666431427001953,0.2806089222431183,0.6944195628166199,0.16374213993549347,0
0.7203652262687683,1.2258212566375732,1.7016663551330566,0.4263688325881958,0.6306465268135071,0.12493829429149628,0
0.3926788568496704,0.902099609375,2.2972960472106934,0.12103726714849472,0.055075205862522125,0.1037759929895401,0
0.38502204418182373,0.9311504364013672,2.4184341430664062,0.08697667717933655,0.098710797727108,0.17868831753730774,0
0.4006044268608093,0.7915905714035034,1.9759905338287354,0.10326457023620605,0.0442863292992115,0.07398509979248047,0
0.4080691635608673,0.9399700164794922,2.303457498550415,0.14101481437683105,0.08354191482067108,0.0847695842385292,0
0.32349130511283875,0.9571800231933594,2.958904981613159,0.08398003876209259,0.10987892001867294,0.6751977205276489,0
0.3410397171974182,0.9400248527526855,2.756350040435791,0.072453573346138,0.10643664747476578,0.5751482844352722,0
0.33460646867752075,0.9653711318969727,2.885094165802002,0.08607637137174606,0.10591299086809158,0.590442955493927,0
0.39597374200820923,0.9332575798034668,2.3568673133850098,0.12789998948574066,0.07092376798391342,0.15104493498802185,0
0.37089958786964417,0.7821493148803711,2.1087899208068848,0.06129128485918045,0.07336729764938354,0.07488921284675598,0
0.29083386063575745,0.9492988586425781,3.264058828353882,0.06564141809940338,0.04070288687944412,0.06817175447940826,0
0.25157785415649414,0.9306402206420898,3.6992135047912598,0.10554239153862,0.07771337032318115,0.11299692839384079,0
0.27442461252212524,0.943901538848877,3.439565896987915,0.0974942222237587,0.07628423720598221,0.12909719347953796,0
0.25810691714286804,0.5632801055908203,2.18235182762146,0.06618423759937286,0.07885899394750595,0.10501189529895782,0
0.32827556133270264,0.9429826736450195,2.8725337982177734,0.12574027478694916,0.08911296725273132,0.4522850513458252,0
0.31650298833847046,0.9366471767425537,2.959362745285034,0.11447051167488098,0.08368271589279175,0.27839264273643494,0
0.330574095249176,0.9409046173095703,2.8462746143341064,0.14450335502624512,0.1470436006784439,0.18550550937652588,0
0.3092278242111206,0.9056587219238281,2.9287750720977783,0.1440393030643463,0.0986417904496193,0.1360749751329422,0
0.27430787682533264,0.9174740314483643,3.3446872234344482,0.09391744434833527,0.09916642308235168,0.16017213463783264,0
0.3230185806751251,0.9455835819244385,2.927335023880005,0.14873526990413666,0.06426672637462616,0.18091942369937897,0
0.316392719745636,0.8862972259521484,2.8012566566467285,0.07945450395345688,0.0988926813006401,0.1452620029449463,0
0.34079670906066895,1.2045676708221436,3.5345637798309326,0.17485283315181732,0.0960666686296463,0.47067198157310486,0
0.3763182461261749,0.9323811531066895,2.477640151977539,0.14573325216770172,0.08964233845472336,0.3715357780456543,0
0.4222186803817749,0.9119133949279785,2.1598129272460938,0.13145384192466736,0.09708325564861298,0.16763333976268768,0
0.3869490325450897,0.9173448085784912,2.3707122802734375,0.1293654441833496,0.09891608357429504,0.5591607093811035,0
0.3686263859272003,0.9362685680389404,2.5398848056793213,0.0735052078962326,0.14597178995609283,0.3863269090652466,0
0.4352942705154419,0.9768538475036621,2.2441229820251465,0.20846731960773468,0.271384060382843,0.17885363101959229,0
0.41213101148605347,0.9943192005157471,2.4126288890838623,0.20124496519565582,0.19828343391418457,0.5273022055625916,0
0.3304307162761688,0.9404458999633789,2.846121311187744,0.10567553341388702,0.11554203927516937,0.10419410467147827,0
0.3566710650920868,0.9567577838897705,2.6824653148651123,0.06772308051586151,0.08391796052455902,0.316419780254364,0
0.41555774211883545,0.7523460388183594,1.8104488849639893,0.07591240108013153,0.10077204555273056,0.1993551403284073,0
0.4289081394672394,0.9819464683532715,2.289409637451172,0.145433247089386,0.15480780601501465,0.2894081771373749,0
0.40560492873191833,0.7126626968383789,1.757036566734314,0.0895276889204979,0.10404675453901291,0.6347641348838806,0
0.36679807305336,0.7356414794921875,2.0055761337280273,0.07865835726261139,0.10843592882156372,0.722341001033783,0
0.4007100462913513,1.0451369285583496,2.608212471008301,0.10044103860855103,0.09549751877784729,0.6917151808738708,0
0.37366023659706116,0.7389602661132812,1.9776262044906616,0.07003530859947205,0.08979073166847229,0.8089682459831238,0
0.39379414916038513,0.7388105392456055,1.876133918762207,0.04589271917939186,0.07347412407398224,0.15490952134132385,0
0.4524300992488861,0.9526448249816895,2.1056177616119385,0.05276436731219292,0.18415623903274536,0.11053042858839035,0
0.25524312257766724,0.9255561828613281,3.6261749267578125,0.07109518349170685,0.0869578868150711,0.2151019275188446,0
0.3149060606956482,0.9492044448852539,3.0142464637756348,0.046156808733940125,0.03771578520536423,0.16827142238616943,0
0.2932405471801758,0.9363136291503906,3.192988157272339,0.07117605209350586,0.05925629287958145,0.1488090604543686,0
0.3026788830757141,0.6009435653686523,1.9854161739349365,0.08090676367282867,0.08584186434745789,0.5564206838607788,0
0.2762294411659241,0.5735435485839844,2.0763301849365234,0.061424270272254944,0.04589336737990379,0.12166368961334229,0
0.29797643423080444,0.5828828811645508,1.9561375379562378,0.06624264270067215,0.05438698083162308,0.07767800986766815,0
0.2861887216567993,0.6171443462371826,2.1564245223999023,0.04844614118337631,0.052210815250873566,0.1716541200876236,0
0.3266914486885071,0.9587249755859375,2.934649705886841,0.09112941473722458,0.12115783989429474,0.12916284799575806,0
0.34919679164886475,0.9639735221862793,2.760545253753662,0.1320701390504837,0.15607500076293945,0.23721808195114136,0
0.4112238883972168,0.9334783554077148,2.2700002193450928,0.1637701541185379,0.1672813892364502,0.055851373821496964,0
0.37789177894592285,0.9171853065490723,2.4271111488342285,0.10200299322605133,0.39062565565109253,0.10105118155479431,0
0.3369797170162201,0.92742919921875,2.752181053161621,0.08792458474636078,0.18808993697166443,0.07405684143304825,0
0.33215203881263733,0.9525482654571533,2.8678078651428223,0.10162567347288132,0.09375874698162079,0.06599950790405273,0
0.3562327027320862,0.765539288520813,2.148986577987671,0.057694174349308014,0.15728214383125305,0.10425391793251038,0
0.3309432864189148,0.9493060111999512,2.868485450744629,0.07820391654968262,0.14599287509918213,0.12261104583740234,0
0.33562174439430237,0.937328577041626,2.7928123474121094,0.07809675484895706,0.14415603876113892,0.08250201493501663,0
0.32580864429473877,0.923682451248169,2.83504581451416,0.10219022631645203,0.11835391819477081,0.0681697279214859,0
0.3253486454486847,0.9859790802001953,3.0305306911468506,0.09824280440807343,0.09547527134418488,0.3059728741645813,0
0.31953859329223633,0.9907310009002686,3.1005048751831055,0.07901826500892639,0.08598878979682922,0.10600235313177109,0
0.3206753134727478,0.6291599273681641,1.9619842767715454,0.1474055051803589,0.06789454072713852,0.13455626368522644,0
0.31773069500923157,0.6782217025756836,2.134580373764038,0.04604566842317581,0.09135238826274872,0.07898079603910446,0
0.34140971302986145,0.9428997039794922,2.7617833614349365,0.0896012932062149,0.0670272558927536,0.07381857186555862,0
0.3511226773262024,0.7063407897949219,2.0116639137268066,0.08800558000802994,0.12249226123094559,0.06613648682832718,0
0.3247417211532593,0.9378499984741211,2.8879873752593994,0.036366723477840424,0.08884138613939285,0.11458347737789154,0
0.3175933361053467,0.9430780410766602,2.969451665878296,0.11110717058181763,0.1420057713985443,0.04149699956178665,0
0.38066813349723816,0.9428415298461914,2.476807117462158,0.10527671873569489,0.43519291281700134,0.05769897997379303,0
0.3331795334815979,0.7338037490844727,2.202427387237549,0.08715565502643585,0.19513416290283203,0.05100385099649429,0
0.33519333600997925,0.7415666580200195,2.212354898452759,0.06726029515266418,0.17001354694366455,0.05992725491523743,0
0.34611260890960693,1.0037076473236084,2.8999452590942383,0.08788586407899857,0.13310685753822327,0.1174573004245758,0
0.3345746397972107,0.9282388687133789,2.7743849754333496,0.07968521863222122,0.15076351165771484,0.0657276064157486,0
0.35641616582870483,0.9187507629394531,2.577747106552124,0.1067960262298584,0.0970304012298584,0.11863669008016586,0
0.4466683268547058,0.958611011505127,2.1461360454559326,0.3224307894706726,0.1857154667377472,0.14054691791534424,0
0.3798002004623413,0.9429206848144531,2.482675552368164,0.06394188106060028,0.19497789442539215,0.07271157205104828,0
0.3809627592563629,0.9766757488250732,2.563704013824463,0.08532499521970749,0.16956369578838348,0.09248530119657516,0
0.37990954518318176,0.6542377471923828,1.7220882177352905,0.07667475938796997,0.17266716063022614,0.04542117193341255,0
0.3821614980697632,0.921759843826294,2.411964178085327,0.08314210176467896,0.08074751496315002,0.13631343841552734,0
0.45149776339530945,0.9405508041381836,2.083179235458374,0.3305908441543579,0.4748956859111786,0.1003197431564331,0
0.41572105884552,0.724879264831543,1.7436673641204834,0.09771692007780075,0.757182240486145,0.07576555013656616,0
0.48492512106895447,0.9470996856689453,1.9530843496322632,0.45317479968070984,0.20535396039485931,0.07335109263658524,0
0.5053070187568665,0.9403505325317383,1.860948920249939,0.39495420455932617,0.6560790538787842,0.14310956001281738,0
0.49289941787719727,0.9694595336914062,1.9668506383895874,0.3356423079967499,0.22183239459991455,0.07653243839740753,0
0.5112950801849365,0.9421048164367676,1.8425853252410889,0.34034788608551025,0.15355132520198822,0.12725652754306793,0
0.6038586497306824,1.1254746913909912,1.863804817199707,0.1976562887430191,0.1101125031709671,0.16353341937065125,0
0.6290301084518433,1.098867654800415,1.746923804283142,0.25361427664756775,0.16337646543979645,0.24055980145931244,0
0.5782900452613831,1.1344521045684814,1.961735486984253,0.20642638206481934,0.09758547693490982,0.2500382661819458,0
0.49019744992256165,1.1655299663543701,2.3776745796203613,0.15026913583278656,0.8385801911354065,0.1041441485285759,0
0.555586040019989,1.2306132316589355,2.214982271194458,0.356945276260376,0.20722724497318268,0.22561851143836975,0
0.6191666126251221,1.1854593753814697,1.9146047830581665,0.29851222038269043,0.19838890433311462,0.21337060630321503,0
0.611775815486908,1.1552059650421143,1.888283133506775,0.22981595993041992,0.13250990211963654,0.19486097991466522,0
0.6037026643753052,1.155022144317627,1.9132301807403564,0.7055558562278748,0.13854123651981354,0.12643295526504517,0
0.5887874960899353,1.1104166507720947,1.8859379291534424,0.47524869441986084,0.153152734041214,0.12986256182193756,0
0.5439788699150085,1.181596040725708,2.172135829925537,0.33086925745010376,0.1367247998714447,0.26256728172302246,0
0.6496285200119019,1.17842435836792,1.8139972686767578,0.5571417808532715,0.12265430390834808,0.18661783635616302,0
0.6690083146095276,1.2297749519348145,1.8382058143615723,1.065460205078125,0.2302584946155548,0.14136852324008942,0
0.7301558256149292,1.196293592453003,1.6384086608886719,0.46232351660728455,0.48727595806121826,0.09051211923360825,0
0.7365400791168213,1.2445487976074219,1.6897231340408325,0.5296842455863953,0.29354754090309143,0.08513578027486801,0
0.7316200733184814,1.1363449096679688,1.5531898736953735,1.5349889993667603,0.1330566257238388,0.1453607678413391,0
0.7685856223106384,1.1863822937011719,1.5435916185379028,0.7912792563438416,0.283515602350235,0.12527458369731903,0
0.7685624957084656,1.3370659351348877,1.7396970987319946,0.20923569798469543,0.6042641997337341,0.114882692694664,0
0.8804618716239929,1.3981163501739502,1.5879350900650024,0.1796044409275055,0.346256285905838,0.3516541123390198,0
0.7881425619125366,1.2682838439941406,1.6092060804367065,0.33862224221229553,0.43535923957824707,0.1617744117975235,0
0.7884792685508728,1.3052287101745605,1.6553747653961182,1.7523956298828125,0.25384292006492615,0.1419808566570282,0
0.7883928418159485,1.2827279567718506,1.6270161867141724,0.30927690863609314,0.8512697219848633,0.20828478038311005,0
0.7319181561470032,1.1667685508728027,1.5941243171691895,0.7443868517875671,0.23888236284255981,0.11598650366067886,0
0.7848977446556091,1.269296646118164,1.6171491146087646,0.47192028164863586,0.5547845363616943,0.21885733306407928,0
0.8309447169303894,1.275054693222046,1.534463882446289,0.20934826135635376,0.29729485511779785,0.4660840928554535,0
0.8760232329368591,1.6707706451416016,1.907221794128418,0.1405143141746521,0.31961846351623535,0.2777590751647949,0
0.8570850491523743,1.6060101985931396,1.8738049268722534,0.24123631417751312,0.2805938720703125,0.43694937229156494,0
0.8534949421882629,1.3653664588928223,1.5997358560562134,0.22520560026168823,0.42218834161758423,0.42497971653938293,0
0.877674400806427,1.560028314590454,1.7774567604064941,0.2247217297554016,0.28696078062057495,0.39034971594810486,0
0.8356818556785583,1.4335813522338867,1.7154630422592163,0.19837039709091187,0.2710093557834625,0.4739431142807007,0
0.8031114339828491,1.252161979675293,1.559138536453247,0.12348714470863342,0.5156935453414917,0.3631616532802582,0
0.7983875274658203,1.3762118816375732,1.7237391471862793,0.2171478271484375,0.28639307618141174,0.29369857907295227,0
0.8316545486450195,1.6017084121704102,1.9259299039840698,0.24879181385040283,0.2866232395172119,0.3745839595794678,0
0.8026723265647888,1.3504292964935303,1.6824166774749756,0.3260546028614044,0.37407588958740234,0.4471084177494049,0
0.8307924866676331,1.5114550590515137,1.8192931413650513,0.1864340454339981,0.17922049760818481,0.24135571718215942,0
0.8242828845977783,1.4480464458465576,1.756734848022461,0.2265973687171936,0.27606698870658875,0.15368545055389404,0
0.8417062163352966,1.4014015197753906,1.6649532318115234,0.15394917130470276,0.2819535732269287,0.38438865542411804,0
0.8047451376914978,1.4198102951049805,1.7642980813980103,0.4018222391605377,0.5007956624031067,0.4045398533344269,0
0.776218593120575,1.2818386554718018,1.6513887643814087,0.2827727496623993,0.35375410318374634,0.3759109675884247,0
0.8201865553855896,1.40555739402771,1.7137044668197632,0.4903494119644165,0.5900374054908752,0.4371146261692047,0
0.7699325084686279,1.2086601257324219,1.5698261260986328,0.551816463470459,0.2395809441804886,0.19035741686820984,0
0.7423286437988281,1.1789119243621826,1.5881266593933105,0.6931433081626892,0.23010800778865814,0.19816574454307556,0
0.757246196269989,1.1458735466003418,1.5132113695144653,0.7891715168952942,0.17353704571723938,0.23562312126159668,0
0.808021068572998,1.2044854164123535,1.4906609058380127,0.8303382396697998,0.31586727499961853,0.2931937277317047,0
0.721291720867157,1.260371446609497,1.7473809719085693,0.5588935613632202,0.36675703525543213,0.34686604142189026,0
1.2768783569335938,2.2457919120788574,1.7588143348693848,0.5933650135993958,0.5104573369026184,0.29899710416793823,0
1.3539345264434814,2.28761625289917,1.6896063089370728,0.6506919264793396,0.6228756308555603,0.7353558540344238,0
1.3781037330627441,2.3881916999816895,1.732954978942871,0.7330666780471802,0.7291300296783447,0.8776851296424866,0
1.3015937805175781,2.4876110553741455,1.9112038612365723,0.7789039611816406,0.6537260413169861,0.5815458297729492,0
0.06605538725852966,1.047562837600708,15.858855247497559,0.04035255312919617,0.04072759672999382,0.039910417050123215,0
0.06875687837600708,0.5851411819458008,8.510293006896973,0.04655108600854874,0.05204710364341736,0.029233574867248535,0
0.6745827198028564,1.6908178329467773,2.506464719772339,0.4342247247695923,0.1955503672361374,0.2854105532169342,0
0.8005014657974243,2.7860124111175537,3.4803340435028076,0.16837775707244873,0.24095699191093445,0.5531379580497742,0
0.9014063477516174,2.762593984603882,3.0647599697113037,0.3213180899620056,0.25634750723838806,0.592195451259613,0
0.8768611550331116,2.7374491691589355,3.121872901916504,0.39678674936294556,0.4178808927536011,0.3281618356704712,0
0.739345908164978,2.580765962600708,3.4906070232391357,0.34803658723831177,0.41841521859169006,0.5674574971199036,0
0.05229158699512482,0.4248390197753906,8.12442398071289,0.03367764502763748,0.020705530419945717,0.016910651698708534,0
1.267602801322937,2.823060989379883,2.227086305618286,0.4630069434642792,0.4865141212940216,0.6891047954559326,0
1.231513500213623,2.5504608154296875,2.0709969997406006,0.6258035898208618,0.9165038466453552,0.4278336465358734,0
1.3735880851745605,2.265984296798706,1.6496825218200684,0.6802295446395874,0.4119665324687958,0.7547798156738281,0
1.3580446243286133,2.16812801361084,1.59650719165802,0.8515070676803589,0.6118071675300598,0.5040916204452515,0
1.1461834907531738,2.675212860107422,2.3340179920196533,0.8519657850265503,0.9325083494186401,0.5703278183937073,0
1.4114657640457153,2.533921480178833,1.7952412366867065,0.4929898977279663,0.6958082914352417,0.6085850596427917,0
0.0011020270176231861,0.015519857406616211,14.083009719848633,0.0006219229544512928,0.0008555396925657988,0.0008560462738387287,0
5.373682597564766e-06,6.055832636775449e-05,11.269427299499512,3.2410225685453042e-06,3.297043576822034e-06,2.7185376438865205e-06,0
3.807239863817813e-06,6.079674494685605e-05,15.968719482421875,2.384185791015625e-06,2.3841860183893004e-06,2.3841860183893004e-06,0
0.0009709573932923377,0.01550436019897461,15.96811580657959,0.0006082450272515416,0.0006047760834917426,0.0006073478143662214,0
0.015696244314312935,0.24969196319580078,15.90775203704834,0.009709815494716167,0.009725730866193771,0.009910907596349716,0
0.0009822676656767726,0.015685558319091797,15.968721389770508,0.0006151199340820312,0.0006151199340820312,0.0006151199340820312,0
0.0009708460420370102,0.015503168106079102,15.968719482421875,0.0006079673767089844,0.0006079673767089844,0.0006079673767089844,0
1.1523159742355347,2.888111114501953,2.5063533782958984,0.47007760405540466,1.2505160570144653,0.7686987519264221,0
1.2200082540512085,2.762559652328491,2.2643778324127197,0.31595367193222046,0.6869729161262512,0.6731612682342529,0
1.3027769327163696,2.6928470134735107,2.0670053958892822,0.5707369446754456,1.2704764604568481,0.790729284286499,0
1.1870018243789673,2.722782850265503,2.2938320636749268,0.3220938742160797,0.5086656212806702,0.3913400173187256,0
1.2892866134643555,2.687429666519165,2.0844314098358154,0.4560154676437378,0.5830265283584595,0.5678772926330566,0
1.4573988914489746,2.4174294471740723,1.6587287187576294,0.6595873832702637,0.49954432249069214,0.7284489870071411,0
1.4076297283172607,2.3511717319488525,1.6703054904937744,0.3615385890007019,0.6356518864631653,0.5340138077735901,0
1.2794705629348755,2.7990074157714844,2.187629461288452,0.6506063342094421,0.5993568301200867,0.5234749913215637,0
1.3409072160720825,2.769941806793213,2.0657222270965576,0.8907281160354614,0.7617336511611938,0.8436849117279053,0
1.4420514106750488,2.474886655807495,1.71622633934021,0.5606897473335266,0.6518792510032654,0.6627827882766724,0
0.001690452336333692,0.01580643653869629,9.350418090820312,0.0009371463092975318,0.0006857271073386073,0.00118467235006392,0
0.0013703153235837817,0.015442609786987305,11.269384384155273,0.0008444443810731173,0.0008673872798681259,0.0008664528140798211,0
0.031185097992420197,0.4979860782623291,15.968719482421875,0.019528865814208984,0.019528865814208984,0.019528865814208984,0
0.0009709352161735296,0.015504121780395508,15.96823501586914,0.0006091338000260293,0.0006095665157772601,0.0006063974578864872,0
0.031314484775066376,0.5000522136688232,15.968719482421875,0.019606489688158035,0.019609715789556503,0.019611509516835213,0
6.568421667907387e-06,6.031990778865293e-05,9.183318138122559,3.1855711313255597e-06,2.624595481393044e-06,5.279322067508474e-06,0
0.0013703417498618364,0.015442848205566406,11.269340515136719,0.000647753244265914,0.0008484257268719375,0.0006505692144855857,0
0.0016750681679695845,0.015382528305053711,9.183225631713867,0.0010597429936751723,0.001005291473120451,0.0009414382511749864,0
0.0009710454614832997,0.015505313873291016,15.967649459838867,0.0006090612732805312,0.0006050331285223365,0.000609397073276341,0
3.807239863817813e-06,6.079674494685605e-05,15.968719482421875,2.384185791015625e-06,2.3841860183893004e-06,2.3841860183893004e-06,0
6.568421667907387e-06,6.031990778865293e-05,9.183318138122559,5.386997145251371e-06,3.701615241880063e-06,3.0761548259761184e-06,0
1.132068157196045,2.356379508972168,2.08148193359375,1.1496831178665161,0.8031384944915771,0.36781060695648193,0
0.06991994380950928,0.9981448650360107,14.275538444519043,0.05637698248028755,0.04780913144350052,0.03880929946899414,0
1.2462317943572998,2.9752280712127686,2.3873794078826904,0.17400312423706055,0.45535808801651,0.2762312889099121,0
1.188421607017517,2.5544135570526123,2.149416923522949,0.28553739190101624,0.27841439843177795,0.30545493960380554,0
0.7252016067504883,1.6189615726470947,2.2324297428131104,0.2524062395095825,0.23295769095420837,0.5502550005912781,0
0.84645015001297,1.2708756923675537,1.5014182329177856,0.2837321162223816,0.3424346446990967,0.28791895508766174,0
1.3317972421646118,2.7162859439849854,2.0395641326904297,0.4603918194770813,0.4620168209075928,0.4342459440231323,0
0.8200010061264038,2.5584752559661865,3.1200878620147705,0.42095986008644104,0.46691733598709106,0.34408172965049744,0
0.5280336141586304,1.7788763046264648,3.3688695430755615,0.22342896461486816,0.28151872754096985,0.17647266387939453,0
1.010961651802063,2.703434467315674,2.674121618270874,1.0485328435897827,0.694570779800415,0.4235275983810425,0
0.4789271950721741,1.7588648796081543,3.6725099086761475,0.1854083091020584,0.21243014931678772,0.3903251588344574,0
1.214998483657837,2.4943463802337646,2.0529625415802,0.4059489071369171,0.725203275680542,0.5107722282409668,0
1.1846983432769775,2.1948299407958984,1.8526487350463867,0.6400073170661926,0.7155447006225586,0.7257146835327148,0
0.9253365397453308,2.222123146057129,2.401421546936035,0.3530588150024414,0.8901442885398865,0.40145939588546753,0
0.8401829600334167,2.1917402744293213,2.6086463928222656,0.34728217124938965,0.805599570274353,0.35327595472335815,0
0.9254058599472046,2.020554542541504,2.183425188064575,0.4640478789806366,0.4370867609977722,0.21029944717884064,0
0.5664640665054321,2.0821354389190674,3.675670862197876,0.24552857875823975,0.39912915229797363,0.16498787701129913,0
0.5589767098426819,2.0647389888763428,3.6937835216522217,0.31807243824005127,0.3328581154346466,0.2316187471151352,0
0.7570328116416931,2.0589237213134766,2.719728469848633,0.3776276707649231,0.44086503982543945,0.4646095037460327,0
0.6691147089004517,2.0654540061950684,3.086845874786377,0.33699434995651245,0.22098475694656372,0.38374125957489014,0
0.7570963501930237,2.158968448638916,2.8516428470611572,0.576991856098175,0.3812243938446045,0.3984792232513428,0
0.15999723970890045,1.940645694732666,12.129244804382324,0.1633145958185196,0.043165422976017,0.15797877311706543,0
0.6272034645080566,2.045060396194458,3.260601282119751,0.25227999687194824,0.3016623258590698,0.2725694179534912,0
0.6870439052581787,2.050678014755249,2.9847846031188965,0.35580018162727356,0.6445494294166565,0.18135376274585724,0
0.24965764582157135,1.9728519916534424,7.902229309082031,0.11985369026660919,0.094327911734581,0.09834360331296921,0
0.050059590488672256,0.49683669209480286,9.924904823303223,0.05041082203388214,0.023631155490875244,0.020392481237649918,0
